-- MySQL dump 10.13  Distrib 5.7.30, for Linux (x86_64)
--
-- Host: localhost    Database: elearning
-- ------------------------------------------------------
-- Server version	5.7.30-0ubuntu0.16.04.1

/*!40101 SET @OLD_CHARACTER_SET_CLIENT=@@CHARACTER_SET_CLIENT */;
/*!40101 SET @OLD_CHARACTER_SET_RESULTS=@@CHARACTER_SET_RESULTS */;
/*!40101 SET @OLD_COLLATION_CONNECTION=@@COLLATION_CONNECTION */;
/*!40101 SET NAMES utf8 */;
/*!40103 SET @OLD_TIME_ZONE=@@TIME_ZONE */;
/*!40103 SET TIME_ZONE='+00:00' */;
/*!40014 SET @OLD_UNIQUE_CHECKS=@@UNIQUE_CHECKS, UNIQUE_CHECKS=0 */;
/*!40014 SET @OLD_FOREIGN_KEY_CHECKS=@@FOREIGN_KEY_CHECKS, FOREIGN_KEY_CHECKS=0 */;
/*!40101 SET @OLD_SQL_MODE=@@SQL_MODE, SQL_MODE='NO_AUTO_VALUE_ON_ZERO' */;
/*!40111 SET @OLD_SQL_NOTES=@@SQL_NOTES, SQL_NOTES=0 */;

--
-- Table structure for table `course`
--

DROP TABLE IF EXISTS `course`;
/*!40101 SET @saved_cs_client     = @@character_set_client */;
/*!40101 SET character_set_client = utf8 */;
CREATE TABLE `course` (
  `courseID` int(11) NOT NULL AUTO_INCREMENT,
  `categoryID` int(11) NOT NULL,
  `title` varchar(255) NOT NULL,
  `description` text NOT NULL,
  `img` varchar(50) DEFAULT NULL,
  `materi` varchar(50) DEFAULT NULL,
  `author` varchar(50) NOT NULL,
  `create_date` datetime NOT NULL,
  PRIMARY KEY (`courseID`),
  KEY `FK__coursecategory` (`categoryID`),
  CONSTRAINT `FK__coursecategory` FOREIGN KEY (`categoryID`) REFERENCES `coursecategory` (`categoryID`) ON DELETE CASCADE ON UPDATE CASCADE
) ENGINE=InnoDB AUTO_INCREMENT=24 DEFAULT CHARSET=utf8;
/*!40101 SET character_set_client = @saved_cs_client */;

--
-- Dumping data for table `course`
--

LOCK TABLES `course` WRITE;
/*!40000 ALTER TABLE `course` DISABLE KEYS */;
INSERT INTO `course` VALUES (15,5,'Modul 1 - Permintaan Tenaga Kerja','<p>Permasalahan ketenagakerjaan merupakan masalah kompleks yang terjadi dalam suatu perekonomian. Keberhasilan suatu perekonomian akan terlihat saat mampu menghasilkan output yang tinggi dengan kualitas yang bagus. Tentu saja hal ini akan terkait dengan kualitas faktor produksi yang digunakan, termasuk sumber daya manusia yang digunakan. Produktivitas yang tinggi serta upah yang layak sering dikaitkan dengan penggunaan kualitas sumber daya manusia dan itu sering memunculkan banyak persoalan yang antara tenaga kerja dengan industri.<br></p>','c07a9e321a8e8e726f95258242334cf5de15dcac.jpg','4d81409f026ad9e3737dbc8abb7648e61836d982.pdf','admin','2020-05-07 05:02:44'),(16,5,'Modul 2 - Penawaran dan Keseimbangan Pasar Tenaga Kerja','<p>Dinamika kependudukan merupakan permasalah yang dihadapi oleh semua negara. Pergerakan secara berkala yang terjadi dapat mengakibatkan perubahan di pasar tenaga kerja&nbsp; terutama ketersediaan angkatan kerja dan yang paling penting adalah penetapan upah yang terjadi karena interakasinya dengan permintaan di pasar tenaga kerja . Penawaran tenaga kerja (labor supply) merupakan sejumlah tenaga kerja yang mau dan mampu bekerja di perusahaan atau industry pada tingkat upah tertentu.<br></p>','1f5ddc3134d13eb02a71f6193ae59ac82129f877.jpg','8f6d3681a4e87f0e00ef766e8d02fac909093211.pdf','admin','2020-05-07 05:03:44'),(17,5,'Modul 3 - Elastisitas Tenaga Kerja','<p>Jika pemerintah menaikkan tingkat upah minimum, akankah kebijakan tersebut akan dapat menurunkan jumlah kesempatan kerja? Jika iya, berapa banyak kesempatan kerja yang hilang? Melalui pembelajaran elastisitas, maka akan diketahui secara tepat, berapa perubahan kesempatan kerja itu sangat responsif terhadap perubahan upah serta kebijakan yang terkait upah.<br></p>','57478f093c5658c247d8292e69a7e5325a24d3b2.png','63d292813279b375e915f4981e583f4209ce62ff.pdf','admin','2020-05-07 05:06:13'),(18,5,'Modul 4 - Mobilitas Tenaga Kerja','<p>Mobilitas tenaga kerja merupakan arus pergerakan tenaga kerja yang terjadi karena adanya perbedaan pertumbuhan ekonomi dan kesenjangan fasilitas serta ketidakmerataan hasil pembangunan antara satu daerah dengan daerah yang lain. Berbagai teori telah berkembang yang mengamati pola pergerakan mobilitas serta migrasi ini, mulai dari tujuan, alasan, motivasi serta keputusan mengapa para migran melakukan perpindahan. Selain itu, tinjauan multidisiplin banyak dilakukan.<br></p>','1f3f9d8b74d60a2bf297078347920fc2b6f3243f.jpg','c0f11189002b4e26904b84da54e1fc518c0fec3b.pdf','admin','2020-05-07 05:08:07'),(19,5,'Modul 5 - Perencanaan Tenaga Kerja','<p>Menurut Savvides (2009), Sumber Daya Manusia menjadi sumber daya ekonomi yang handal karena merupakan the key engine of economic growth. Atau menjadi mesin pertumbuhan bagi pertumbuhan ekonomi suatu negara. Seperti diketahui bahwa modal manusia tidak dapat dipisahkan dari proses produksi. Sementara kementerian Ketenagakerjaan Republik Indonesia menyatakan bahwa inti proses pembangunan perekonomian suatu bangsa karena Sumber Daya Manusia (SDM) merupakan kekayaan sesungguhnya dari suatu bangsa dan jumlahnya melimpah.<br></p>','f7c958ec265d0c4d900c7f0be5138a99c3ec2587.jpg','ec5c036ddf8706f45c20aa735e748e667c450262.pdf','admin','2020-05-07 05:09:39'),(20,5,'Modul 6 - Konsep dan Peran Sumber Daya Alam dalam Pembangunan Ekonomi','<p>Sumber daya itu diartikan sebagai sumber persediaan, baik cadangan maupun yang baru. Secara ekonomi, sumber daya adalah suatu input dalam suatu produksi. Sumber daya alam yang dapat diperbaharui (renewable). Disebut terbarukan karena dapat melakukan reproduksi dan memiliki daya regenerasi (pulih kembali). Sumber daya alam yang tidak dapat diperbaharui (non-renewable). Sumber daya alam yang tidak habis, misalnya udara, matahari, energi pasang surut.<br></p>','c6d56b295834d0bc0d991eecd900359c7bcba43e.jpg','32676e183343bb5447268a02875a7f84ff14b129.pdf','admin','2020-05-07 05:11:27'),(21,5,'Modul 7 - Nilai Ekonomi Sumber Daya Alam','<p>Ekonomi lingkungan&nbsp;atau&nbsp;ilmu ekonomi lingkungan&nbsp;adalah ilmu yang mempelajari perilaku atau kegiatan manusia dalam memanfaatkan Sumber Daya Alam (SDA) dan lingkungannya yang terbatas sehingga fungsi atau peranan SDA dan lingkungan tersebut dapat dipertahankan dan bahkan penggunaannya dapat ditingkatkan dalam jangka panjang atau berkelanjutan.<br></p>','689bffbc2d4e3ce30cf31a421d5c76e13e4c022b.png','b1126994af2d79f8474d13b9c527ac0dad409da7.pdf','admin','2020-05-07 05:12:53'),(22,5,'Modul 8 - Optimalisasi Pengelolaan Sumber Daya Alam','<p>Pertambahan jumlah penduduk memerlukan pertambahan dalam hal lain seperti perlu adanya pertambahan bahan pangan, papan dan sandang demi dapat memenuhi kebutuhan seluruh penduduk dan menghindari kelangkaan. Untuk mewujudkan pemenuhan kebutuhan dan meningkatkan kesejahteraan, dilakukan pembangunan di segala sektor.<br></p>','3a88abe0afb2e24b0028c26336d7855614364bac.jpg','05ba3acbb1774140337d7ffb0d681958410aeadc.pdf','admin','2020-05-07 05:15:12'),(23,5,'Modul 9 - Analisis Mengenai Dampak Lingkungan','<p>Masalah lingkungan bagi para ahli sudah sejak lama menjadi perhatian. Masalah lingkungan yang sekarang dihadapi oleh seluruh bangsa adalah masalah yang berkaitan dengan kepentingan hidup manusia. Suatu masalah dapat diartikan sebagai sesuatu yang menghalangi keinginan atau harapan manusia.<br></p>','5905eec28babf968990228f0b907e70fb23d7ce6.jpg','95cbb8083a515eefa071e42b3a4d9d19c9f01103.pdf','admin','2020-05-07 05:16:33');
/*!40000 ALTER TABLE `course` ENABLE KEYS */;
UNLOCK TABLES;

--
-- Table structure for table `coursecategory`
--

DROP TABLE IF EXISTS `coursecategory`;
/*!40101 SET @saved_cs_client     = @@character_set_client */;
/*!40101 SET character_set_client = utf8 */;
CREATE TABLE `coursecategory` (
  `categoryID` int(11) NOT NULL AUTO_INCREMENT,
  `categoryName` char(50) NOT NULL,
  `flag` int(11) NOT NULL,
  PRIMARY KEY (`categoryID`)
) ENGINE=InnoDB AUTO_INCREMENT=6 DEFAULT CHARSET=utf8;
/*!40101 SET character_set_client = @saved_cs_client */;

--
-- Dumping data for table `coursecategory`
--

LOCK TABLES `coursecategory` WRITE;
/*!40000 ALTER TABLE `coursecategory` DISABLE KEYS */;
INSERT INTO `coursecategory` VALUES (5,'Ekonomi Sumber Daya Manusia dan Alam',1);
/*!40000 ALTER TABLE `coursecategory` ENABLE KEYS */;
UNLOCK TABLES;

--
-- Table structure for table `dtlcourse`
--

DROP TABLE IF EXISTS `dtlcourse`;
/*!40101 SET @saved_cs_client     = @@character_set_client */;
/*!40101 SET character_set_client = utf8 */;
CREATE TABLE `dtlcourse` (
  `iddetailcourse` int(11) NOT NULL AUTO_INCREMENT,
  `courseID` int(11) NOT NULL DEFAULT '0',
  `detailID` int(11) NOT NULL DEFAULT '0',
  `title` varchar(50) NOT NULL DEFAULT '0',
  `description` text NOT NULL,
  `correctAnswer` int(11) NOT NULL DEFAULT '0',
  `poin` int(11) NOT NULL DEFAULT '0',
  `hint` text NOT NULL,
  PRIMARY KEY (`iddetailcourse`),
  KEY `FK_dtlcourse_course` (`courseID`),
  KEY `FK_dtlcourse_dtlcoursecategory` (`detailID`),
  CONSTRAINT `FK_dtlcourse_course` FOREIGN KEY (`courseID`) REFERENCES `course` (`courseID`) ON DELETE CASCADE ON UPDATE CASCADE,
  CONSTRAINT `FK_dtlcourse_dtlcoursecategory` FOREIGN KEY (`detailID`) REFERENCES `dtlcoursecategory` (`detailID`) ON DELETE CASCADE ON UPDATE CASCADE
) ENGINE=InnoDB AUTO_INCREMENT=287 DEFAULT CHARSET=utf8;
/*!40101 SET character_set_client = @saved_cs_client */;

--
-- Dumping data for table `dtlcourse`
--

LOCK TABLES `dtlcourse` WRITE;
/*!40000 ALTER TABLE `dtlcourse` DISABLE KEYS */;
INSERT INTO `dtlcourse` VALUES (15,15,1,'Tes Formatif 1','<p>Pada pasar tenaga kerja (input market), siapakah yang memiliki fungsi permintaan?<br></p>',2,10,''),(16,15,1,'Tes Formatif 1','<p>Total Produksi akan mencapai maksimum, saat produk marginal tenaga kerjanya (MPL) nilainya sama dengan ….<br></p>',4,10,''),(17,15,1,'Tes Formatif 1','<p>Faktor yang dapat menyebabkan perubahan tenaga kerja yang diminta?<br></p>',4,10,''),(18,15,1,'Tes Formatif 1','<p>Faktor yang bukan menjadi penyebab pergeseran kurva permintaan?<br></p>',2,10,''),(19,15,1,'Tes Formatif 1','<p>Produk Marginal dari tenaga kerja (MPL) adalah …<br></p>',3,10,''),(20,15,1,'Tes Formatif 1','<p>Kembalian marginal yang semakin menurun (diminishing marginal returns) terjadi karena ....<br></p>',3,10,''),(21,15,1,'Tes Formatif 1','<p>Kurva permintaan tenaga kerja berslope negatif karena terjadinya efek ....<br></p>',4,10,''),(22,15,1,'Tes Formatif 1','<p>Apabila terjadi kenaikan upah, maka perusahaan akan menurunkan produksinya. Efek ini disebut ....<br></p>',2,10,''),(23,15,1,'Tes Formatif 1','<p>Apabila harga mesin produksi turun, maka kurva permintaan tenaga kerja akan ....<br></p>',2,10,''),(24,15,1,'Tes Formatif 1','<p>Dalam produksi, jika penggunaan salah satu input dikurangi, maka input yang lain juga akan berkurang. Hal ini terjadi apabila kedua input tersebut bersifat ....<br></p>',3,10,''),(25,15,2,'Latihan 1','<p>Sebutkan faktor- faktor penentu permintaan tenaga kerja?<br></p>',0,0,'Untuk menjawab soal latihan ini, silahkan klik tombol Materi lalu tekan (ctrl+F) lalu cari di halaman 1.19 dengan ketik \"1.19\" pada text pencarian'),(26,15,2,'Latihan 1','<p>Diketahui fungsi permintaan operator mesin sebagai berikut DL = L = 12 - 3/4W :&nbsp; a. Gambarkan kurva permintaan operator mesin tersebut!; b. Jika upah operator mesin mengalami kenaikan, apa yang terjadi dengan kurva permintaannya?<br></p>',0,0,'Untuk menjawab soal latihan ini, silahkan klik tombol Materi lalu tekan (ctrl+F) lalu cari di halaman 1.20 dengan ketik \"1.20\" pada text pencarian'),(27,15,2,'Latihan 1','<p>Faktor apa saja yang dapat mengakibatkan pergeseran kurva permintaan tenaga kerja?<br></p>',0,0,'Untuk menjawab soal latihan ini, silahkan klik tombol Materi lalu tekan (ctrl+F) lalu cari di halaman 1.21 dengan ketik \"1.21\" pada text pencarian'),(28,15,2,'Latihan 1','<p>Jelaskan mengapa kurva permintaan tenaga kerja berslope negatif!<br></p>',0,0,'Untuk menjawab soal latihan ini, silahkan klik tombol Materi lalu tekan (ctrl+F) lalu cari di halaman 1.21 dengan ketik \"1.21\" pada text pencarian'),(29,15,2,'Latihan 1','<p>Hasil akhir terjadinya efek Substitusi (substitution effect) dan efek skala (scale effect) akibat kenaikan upah adalah terjadinya pemutusan hubungan kerja (PHK) oleh perusahaan. Jelaskan mengapa hal itu bisa terjadi?<br></p>',0,0,'Untuk menjawab soal latihan ini, silahkan klik tombol Materi lalu tekan (ctrl+F) lalu cari di halaman 1.21 dengan ketik \"1.21\" pada text pencarian'),(30,15,3,'Tes Formatif 2','Marginal\r\nRevenue Product of Labor (MRP<sub>L</sub>) diperoleh dari ....<p>\r\n\r\n\r\n\r\n\r\n\r\n\r\n\r\n\r\n\r\n</p><p class=\"Para-1\"><span lang=\"IN\">&nbsp;</span></p>',4,10,''),(31,15,3,'Tes Formatif 2','<p class=\"Para-1\"><span lang=\"IN\">Pada pasar tenaga kerja\r\nyang kompetitif, permintaan tenaga kerja nilainya akan sama dengan ....</span></p>',1,10,''),(32,15,3,'Tes Formatif 2','<p class=\"Para-1\"><span lang=\"IN\">Pada pasar tenaga kerja,\r\nperusahaan akan mempekerjakan tenaga kerja sampai pada suatu titik dimana ....</span></p><p>\r\n\r\n\r\n\r\n\r\n\r\n\r\n\r\n\r\n\r\n</p><p class=\"Para-2\" style=\"text-indent:0cm\"><span lang=\"IN\">&nbsp;</span></p>',3,10,''),(33,15,3,'Tes Formatif 2','<p class=\"Para-1\"><span lang=\"IN\">Kurva yang menunjukkan\r\nkemungkinan kombinasi tenaga kerja dan modal yang menghasilkan tingkat output\r\nyang sama kurva ....</span></p>',2,10,''),(34,15,3,'Tes Formatif 2','<p class=\"Para-1\"><span lang=\"IN\">Saat upah mengalami\r\nkenaikan, baik efek substitusi dan efek skala menghasilkan hal yang sama yaitu\r\n....</span></p>',1,10,''),(35,15,3,'Tes Formatif 2','<p class=\"Para-1\"><span lang=\"IN\">Kurva yang menunjukkan\r\nkemungkinan kombinasi tenaga kerja dan modal yang dapat disewa perusahaan\r\ndengan anggaran tertentu adalah kurva ....</span></p>',2,10,''),(36,15,3,'Tes Formatif 2','<p class=\"Para-1\"><span lang=\"IN\">Perusahaan akan\r\nmengambil keuntungan dari perubahan upah dengan mengatur ulang campuran\r\ninputnya (sambil menahan output konstan) disebut ....</span></p>',1,10,''),(37,15,3,'Tes Formatif 2','<p class=\"Para-1\"><span lang=\"IN\">Kurva permintaan pasar\r\ntenaga kerja atau kurva permintaan tenaga kerja industri jangka pendek\r\nditunjukkan oleh gambar....<o:p></o:p></span></p>',4,10,''),(38,15,3,'Tes Formatif 2','<p class=\"Para-1\" style=\"margin-left:0cm;text-indent:0cm\"><span lang=\"IN\">Nilai tambah dari output total karena tambahan tenaga\r\nkerja disebut ....</span></p>',0,10,''),(39,15,3,'Tes Formatif 2','<p class=\"Para-1\"><span lang=\"IN\">Kombinasi biaya terendah\r\ndari modal dan tenaga kerja terjadi saat kurva ....</span></p>',3,10,''),(40,16,1,'Tes Formatif 1','<p class=\"Para-1\"><span lang=\"IN\">Penawaran tenaga kerja\r\nadalah jumlah ....</span></p>',3,10,''),(41,16,1,'Tes Formatif 1','<p class=\"Para-1\"><span lang=\"IN\">Faktor- faktor yang\r\ntidak mempengaruhi penawaran tenaga kerja ....</span></p>',2,10,''),(42,16,1,'Tes Formatif 1','<p class=\"Para-1\"><span lang=\"IN\">Di bawah ini adalah yang\r\ntermasuk kategori upah tunggu, <i>kecuali</i> ....</span></p>',1,10,''),(43,16,1,'Tes Formatif 1','<p class=\"Para-1\"><span lang=\"IN\">Di bawah ini akan dapat\r\nmenggeser kurva penawaran tenaga kerja, <i>kecuali</i> ....</span></p>',4,10,''),(44,16,1,'Tes Formatif 1','<p class=\"Para-1\"><span lang=\"IN\">Kenaikan upah hanya akan\r\nmenaikkan sedikit jumlah orang yang mau bekerja. Kondisi itu menunjukkan bahwa\r\nkurva penawaran tenaga kerja bersifat ....</span></p>',1,10,''),(45,16,1,'Tes Formatif 1','<p class=\"Para-1\"><span lang=\"IN\">Keputusan seseorang\r\nuntuk berpartisipasi di pasar tenaga kerja &nbsp;dipengaruhi oleh ....</span></p>',4,10,''),(46,16,1,'Tes Formatif 1','<p class=\"Para-1\"><span lang=\"IN\">Kurva penawaran tenaga\r\nkerja adalah kurva yang menggambarkan hubungan 2 variabel di bawah ini, <i>kecuali</i>\r\n....</span></p>',2,10,''),(47,16,1,'Tes Formatif 1','<p class=\"Para-1\"><span lang=\"IN\">Di bawah ini pernyataan\r\nyang benar mengenai TPAK adalah ....</span></p>',3,10,''),(48,16,1,'Tes Formatif 1','<p class=\"Para-1\"><span lang=\"IN\">Apa yang terjadi dengan\r\nPenawaran Tenaga Kerja jika upah pekerja mengalami penurunan ....</span></p>',1,10,''),(49,16,1,'Tes Formatif 1','<p class=\"Para-1\"><span lang=\"IN\">Pergerakan penduduk dari\r\nsuatu daerah ke daerah lain melintasi batas geografi yang sudah ditentukan\r\ndengan tujuan menetap dan berdomisili adalah pengertian dari ....</span></p>',4,10,''),(50,16,3,'Tes Formatif 2','<p class=\"Para-1\"><span lang=\"IN\">Kurva Penawaran tenaga\r\nkerja akan melengkung ke belakang (<i>backward bending labour supply curve</i>)\r\nsaat ....</span></p>',3,10,''),(51,16,3,'Tes Formatif 2','<p class=\"Para-1\"><span lang=\"IN\">Pada saat libur lebaran,\r\nmawar lebih memilih tetap bekerja sebagai perawat karena gajinya bisa naik\r\nsampai 2 kali lipat dari biasanya. Apa yang dilakukan oleh Mawar adalah efek\r\nyang terjadi saat tingkat upah meningkat. Efek tersebut adalah efek&nbsp; ….</span></p>',1,10,''),(52,16,3,'Tes Formatif 2','<p class=\"Para-1\"><span lang=\"IN\">Di lain sisi. Pada saat\r\nlibur lebaran, Budi lebih memilih berlibur bersama dengan keluarganya daripada\r\nkerja lembur. Apa yang dilakukan oleh Budi adalah efek yang terjadi saat\r\ntingkat upah meningkat. Efek tersebut adalah efek ….</span></p>',3,10,''),(53,16,3,'Tes Formatif 2','<p class=\"Para-1\"><span lang=\"IN\">Efek substitusi yang\r\nterjadi karena adanya kenaikan tingkat upah adalah .…</span></p>',2,10,''),(54,16,3,'Tes Formatif 2','<p class=\"Para-1\"><span lang=\"IN\">Apa yang terjadi apabila\r\nefek pendapatan lebih besar dari efek substitusi ....</span></p>',3,10,''),(55,16,3,'Tes Formatif 2','<p class=\"Para-1\"><span lang=\"IN\">Kurva yang menghubungkan\r\ntitik kombinasi dari sejumlah barang tertentu yang dikonsumsi dan memberikan\r\ntingkat kepuasan yang sama adalah kurva ....</span></p>',4,10,''),(56,16,3,'Tes Formatif 2','<p class=\"Para-1\"><span lang=\"IN\">Dibawah ini yang\r\nmerupakan fungsi Utilitas yang benar adalah…<o:p></o:p></span></p><p class=\"Para-2\"><br></p>',1,10,''),(57,16,3,'Tes Formatif 2','<p class=\"Para-1\"><span lang=\"IN\">Saat seseorang pekerja\r\nwaktu luangnya sehingga konsumsinya meningkat maupun sebaliknya, maka Kurva\r\nIndiferen dari pekerja tersebut akan ....</span></p>',2,10,''),(58,16,3,'Tes Formatif 2','<p class=\"Para-1\"><span lang=\"IN\">Perubahan utilitas yang\r\ndihasilkan dari tambahan yang dikhususkan untuk kegiatan rekreasi disebut\r\ndengan ....</span></p>',3,10,''),(59,16,3,'Tes Formatif 2','<p class=\"Para-1\"><span lang=\"IN\">Mengapa bentuk Kurva\r\nIndiferen antara satu pekerja dengan pekerja lain berbeda karena ....</span></p><p>\r\n\r\n\r\n\r\n\r\n\r\n\r\n\r\n\r\n\r\n</p><p class=\"Para-0\"><b><span lang=\"IN\">&nbsp;</span></b></p>',4,10,''),(60,16,2,'Latihan 1','<p class=\"Para-1\" style=\"line-height:19.0pt;mso-list:l0 level1 lfo1\"><span lang=\"IN\">Jelaskan\r\nkondisi yang dapat yang mempengaruhi pasokan tenaga kerja serta bagaimana\r\npengaruh perubahan faktor- faktor tersebut pada kurva penawaran?<o:p></o:p></span></p>',0,0,'Untuk menjawab soal latihan ini, silahkan klik tombol Materi lalu tekan (ctrl+F) lalu cari di halaman 2.13 dengan ketik \"2.13\" pada text pencarian'),(61,16,2,'Latihan 1','<p class=\"Para-1\" style=\"line-height:19.0pt;mso-list:l0 level1 lfo1\"><span lang=\"IN\">Pendidikan\r\nsangat berpengaruh pada penawaran tenaga kerja. Uraikan secara jelas hubungan\r\nantara pendidikan dan penawaran tenaga kerja!<o:p></o:p></span></p>',0,0,'Untuk menjawab soal latihan ini, silahkan klik tombol Materi lalu tekan (ctrl+F) lalu cari di halaman 2.13 dengan ketik \"2.13\" pada text pencarian'),(62,16,2,'Latihan 1','<p class=\"Para-1\" style=\"line-height:19.0pt;mso-list:l0 level1 lfo1\"><span lang=\"IN\">Kurva\r\npenawaran Tenaga Kerja dapat bergeser ke kanan maupun ke kiri, jelaskan\r\nbagaimana terjadinya pergeseran Kurva Penawaran tersebut !<o:p></o:p></span></p>',0,0,'Untuk menjawab soal latihan ini, silahkan klik tombol Materi lalu tekan (ctrl+F) lalu cari di halaman 2.14 dengan ketik \"2.14\" pada text pencarian'),(63,16,2,'Latihan 1','<p class=\"Para-1\" style=\"line-height:19.0pt;mso-list:l0 level1 lfo1\"><span lang=\"IN\">Proyeksi\r\npenduduk Indonesia berdasarkan Hasil Sensus Penduduk tahun 2010 pada tahun 2034\r\nmencapai 300 juta jiwa. Jelaskan bagaimana pengaruh kondisi tersebut terhadap\r\npenawaran tenaga kerja di Indonesia!<o:p></o:p></span></p>',0,0,'Untuk menjawab soal latihan ini, silahkan klik tombol Materi lalu tekan (ctrl+F) lalu cari di halaman 2.14 dengan ketik \"2.14\" pada text pencarian'),(64,16,2,'Latihan 1','<p class=\"Para-1\" style=\"line-height:19.0pt;mso-list:l0 level1 lfo1\"><span lang=\"IN\">Jelaskan\r\nbagaimana migrasi dapat mempengaruhi penawaran Tenaga Kerja di Indonesia!<o:p></o:p></span></p>',0,0,'Untuk menjawab soal latihan ini, silahkan klik tombol Materi lalu tekan (ctrl+F) lalu cari di halaman 2.14 dengan ketik \"2.14\" pada text pencarian'),(65,16,4,'Latihan 2','<p class=\"Para-1\"><span lang=\"IN\">Di pasar tenaga kerja &nbsp;negara “antah berantah” diperoleh informasi\r\nketenagakerjaan sebagai berikut. <o:p></o:p></span></p><p class=\"Para-1\"><span lang=\"IN\">&nbsp;</span></p><div align=\"center\">\r\n\r\n<table class=\"MsoNormalTable\" border=\"0\" cellspacing=\"0\" cellpadding=\"0\">\r\n <tbody><tr style=\"mso-yfti-irow:0;mso-yfti-firstrow:yes;height:27.55pt\">\r\n  <td width=\"88\" valign=\"top\" style=\"width: 65.95pt; border-width: 1pt; border-color: windowtext; padding: 0cm 5.4pt; height: 27.55pt;\">\r\n  <p class=\"Para-1\"><b><span lang=\"IN\">Upah (P)<o:p></o:p></span></b></p>\r\n  </td>\r\n  <td width=\"169\" valign=\"top\" style=\"width: 126.9pt; border-top-width: 1pt; border-right-width: 1pt; border-bottom-width: 1pt; border-top-color: windowtext; border-right-color: windowtext; border-bottom-color: windowtext; border-left: none; padding: 0cm 5.4pt; height: 27.55pt;\">\r\n  <p class=\"Para-1\"><b><span lang=\"IN\">Permintaan TK (Ld)<o:p></o:p></span></b></p>\r\n  </td>\r\n  <td width=\"141\" valign=\"top\" style=\"width: 105.9pt; border-top-width: 1pt; border-right-width: 1pt; border-bottom-width: 1pt; border-top-color: windowtext; border-right-color: windowtext; border-bottom-color: windowtext; border-left: none; padding: 0cm 5.4pt; height: 27.55pt;\">\r\n  <p class=\"Para-1\"><b><span lang=\"IN\">Pasokan TK (Ls)<o:p></o:p></span></b></p>\r\n  </td>\r\n </tr>\r\n <tr>\r\n  <td width=\"88\" valign=\"top\" style=\"width: 65.95pt; border-right-width: 1pt; border-bottom-width: 1pt; border-left-width: 1pt; border-right-color: windowtext; border-bottom-color: windowtext; border-left-color: windowtext; border-top: none; padding: 0cm 5.4pt;\">\r\n  <p class=\"Para-1\" align=\"center\" style=\"text-align:center\"><span lang=\"IN\">0<o:p></o:p></span></p>\r\n  </td>\r\n  <td width=\"169\" valign=\"top\" style=\"width: 126.9pt; border-top: none; border-left: none; border-bottom-width: 1pt; border-bottom-color: windowtext; border-right-width: 1pt; border-right-color: windowtext; padding: 0cm 5.4pt;\">\r\n  <p class=\"Para-1\" align=\"center\" style=\"text-align:center\"><span lang=\"IN\">100<o:p></o:p></span></p>\r\n  </td>\r\n  <td width=\"141\" valign=\"top\" style=\"width: 105.9pt; border-top: none; border-left: none; border-bottom-width: 1pt; border-bottom-color: windowtext; border-right-width: 1pt; border-right-color: windowtext; padding: 0cm 5.4pt;\">\r\n  <p class=\"Para-1\" align=\"center\" style=\"text-align:center\"><span lang=\"IN\">0<o:p></o:p></span></p>\r\n  </td>\r\n </tr>\r\n <tr>\r\n  <td width=\"88\" valign=\"top\" style=\"width: 65.95pt; border-right-width: 1pt; border-bottom-width: 1pt; border-left-width: 1pt; border-right-color: windowtext; border-bottom-color: windowtext; border-left-color: windowtext; border-top: none; padding: 0cm 5.4pt;\">\r\n  <p class=\"Para-1\" align=\"center\" style=\"text-align:center\"><span lang=\"IN\">1<o:p></o:p></span></p>\r\n  </td>\r\n  <td width=\"169\" valign=\"top\" style=\"width: 126.9pt; border-top: none; border-left: none; border-bottom-width: 1pt; border-bottom-color: windowtext; border-right-width: 1pt; border-right-color: windowtext; padding: 0cm 5.4pt;\">\r\n  <p class=\"Para-1\" align=\"center\" style=\"text-align:center\"><span lang=\"IN\">80<o:p></o:p></span></p>\r\n  </td>\r\n  <td width=\"141\" valign=\"top\" style=\"width: 105.9pt; border-top: none; border-left: none; border-bottom-width: 1pt; border-bottom-color: windowtext; border-right-width: 1pt; border-right-color: windowtext; padding: 0cm 5.4pt;\">\r\n  <p class=\"Para-1\" align=\"center\" style=\"text-align:center\"><span lang=\"IN\">30<o:p></o:p></span></p>\r\n  </td>\r\n </tr>\r\n <tr>\r\n  <td width=\"88\" valign=\"top\" style=\"width: 65.95pt; border-right-width: 1pt; border-bottom-width: 1pt; border-left-width: 1pt; border-right-color: windowtext; border-bottom-color: windowtext; border-left-color: windowtext; border-top: none; padding: 0cm 5.4pt;\">\r\n  <p class=\"Para-1\" align=\"center\" style=\"text-align:center\"><span lang=\"IN\">2<o:p></o:p></span></p>\r\n  </td>\r\n  <td width=\"169\" valign=\"top\" style=\"width: 126.9pt; border-top: none; border-left: none; border-bottom-width: 1pt; border-bottom-color: windowtext; border-right-width: 1pt; border-right-color: windowtext; padding: 0cm 5.4pt;\">\r\n  <p class=\"Para-1\" align=\"center\" style=\"text-align:center\"><span lang=\"IN\">60<o:p></o:p></span></p>\r\n  </td>\r\n  <td width=\"141\" valign=\"top\" style=\"width: 105.9pt; border-top: none; border-left: none; border-bottom-width: 1pt; border-bottom-color: windowtext; border-right-width: 1pt; border-right-color: windowtext; padding: 0cm 5.4pt;\">\r\n  <p class=\"Para-1\" align=\"center\" style=\"text-align:center\"><span lang=\"IN\">60<o:p></o:p></span></p>\r\n  </td>\r\n </tr>\r\n <tr>\r\n  <td width=\"88\" valign=\"top\" style=\"width: 65.95pt; border-right-width: 1pt; border-bottom-width: 1pt; border-left-width: 1pt; border-right-color: windowtext; border-bottom-color: windowtext; border-left-color: windowtext; border-top: none; padding: 0cm 5.4pt;\">\r\n  <p class=\"Para-1\" align=\"center\" style=\"text-align:center\"><span lang=\"IN\">3<o:p></o:p></span></p>\r\n  </td>\r\n  <td width=\"169\" valign=\"top\" style=\"width: 126.9pt; border-top: none; border-left: none; border-bottom-width: 1pt; border-bottom-color: windowtext; border-right-width: 1pt; border-right-color: windowtext; padding: 0cm 5.4pt;\">\r\n  <p class=\"Para-1\" align=\"center\" style=\"text-align:center\"><span lang=\"IN\">40<o:p></o:p></span></p>\r\n  </td>\r\n  <td width=\"141\" valign=\"top\" style=\"width: 105.9pt; border-top: none; border-left: none; border-bottom-width: 1pt; border-bottom-color: windowtext; border-right-width: 1pt; border-right-color: windowtext; padding: 0cm 5.4pt;\">\r\n  <p class=\"Para-1\" align=\"center\" style=\"text-align:center\"><span lang=\"IN\">90<o:p></o:p></span></p>\r\n  </td>\r\n </tr>\r\n <tr>\r\n  <td width=\"88\" valign=\"top\" style=\"width: 65.95pt; border-right-width: 1pt; border-bottom-width: 1pt; border-left-width: 1pt; border-right-color: windowtext; border-bottom-color: windowtext; border-left-color: windowtext; border-top: none; padding: 0cm 5.4pt;\">\r\n  <p class=\"Para-1\" align=\"center\" style=\"text-align:center\"><span lang=\"IN\">4<o:p></o:p></span></p>\r\n  </td>\r\n  <td width=\"169\" valign=\"top\" style=\"width: 126.9pt; border-top: none; border-left: none; border-bottom-width: 1pt; border-bottom-color: windowtext; border-right-width: 1pt; border-right-color: windowtext; padding: 0cm 5.4pt;\">\r\n  <p class=\"Para-1\" align=\"center\" style=\"text-align:center\"><span lang=\"IN\">20<o:p></o:p></span></p>\r\n  </td>\r\n  <td width=\"141\" valign=\"top\" style=\"width: 105.9pt; border-top: none; border-left: none; border-bottom-width: 1pt; border-bottom-color: windowtext; border-right-width: 1pt; border-right-color: windowtext; padding: 0cm 5.4pt;\">\r\n  <p class=\"Para-1\" align=\"center\" style=\"text-align:center\"><span lang=\"IN\">120<o:p></o:p></span></p>\r\n  </td>\r\n </tr>\r\n <tr>\r\n  <td width=\"88\" valign=\"top\" style=\"width: 65.95pt; border-right-width: 1pt; border-bottom-width: 1pt; border-left-width: 1pt; border-right-color: windowtext; border-bottom-color: windowtext; border-left-color: windowtext; border-top: none; padding: 0cm 5.4pt;\">\r\n  <p class=\"Para-1\" align=\"center\" style=\"text-align:center\"><span lang=\"IN\">5<o:p></o:p></span></p>\r\n  </td>\r\n  <td width=\"169\" valign=\"top\" style=\"width: 126.9pt; border-top: none; border-left: none; border-bottom-width: 1pt; border-bottom-color: windowtext; border-right-width: 1pt; border-right-color: windowtext; padding: 0cm 5.4pt;\">\r\n  <p class=\"Para-1\" align=\"center\" style=\"text-align:center\"><span lang=\"IN\">0<o:p></o:p></span></p>\r\n  </td>\r\n  <td width=\"141\" valign=\"top\" style=\"width: 105.9pt; border-top: none; border-left: none; border-bottom-width: 1pt; border-bottom-color: windowtext; border-right-width: 1pt; border-right-color: windowtext; padding: 0cm 5.4pt;\">\r\n  <p class=\"Para-1\" align=\"center\" style=\"text-align:center\"><span lang=\"IN\">150<o:p></o:p></span></p>\r\n  </td>\r\n </tr>\r\n</tbody></table>\r\n\r\n</div><p class=\"Para-1\"><span lang=\"IN\">&nbsp;</span></p><p class=\"Para-2\"><span lang=\"IN\">Ditanyakan : <o:p></o:p></span></p><p class=\"Para-1\" style=\"margin-left:2.0cm;mso-list:l0 level1 lfo1\"><!--[if !supportLists]--><span lang=\"IN\">a.<span style=\"font-variant-numeric: normal; font-variant-east-asian: normal; font-stretch: normal; font-size: 7pt; line-height: normal; font-family: &quot;Times New Roman&quot;;\">&nbsp;&nbsp;&nbsp;&nbsp;&nbsp;&nbsp;&nbsp;\r\n</span></span><!--[endif]--><span lang=\"IN\">Fungsi\r\npermintaan (L<sub>d</sub>) dan fungsi penawaran tenaga kerjanya (L<sub>s</sub>).<o:p></o:p></span></p><p class=\"Para-1\" style=\"margin-left:2.0cm;mso-list:l0 level1 lfo1\"><!--[if !supportLists]--><span lang=\"IN\">b.<span style=\"font-variant-numeric: normal; font-variant-east-asian: normal; font-stretch: normal; font-size: 7pt; line-height: normal; font-family: &quot;Times New Roman&quot;;\">&nbsp;&nbsp;&nbsp;&nbsp;&nbsp;&nbsp;&nbsp;\r\n</span></span><!--[endif]--><span lang=\"IN\">Tenaga\r\nkerja dan tingkat upah saat posisi keseimbangan.<o:p></o:p></span></p><p class=\"Para-1\" style=\"margin-left:2.0cm;mso-list:l0 level1 lfo1\"><!--[if !supportLists]--><span lang=\"IN\">c.<span style=\"font-variant-numeric: normal; font-variant-east-asian: normal; font-stretch: normal; font-size: 7pt; line-height: normal; font-family: &quot;Times New Roman&quot;;\">&nbsp;&nbsp;&nbsp;&nbsp;&nbsp;&nbsp;&nbsp;\r\n</span></span><!--[endif]--><span lang=\"IN\">Gambarkan\r\nkurva permintaan dan penawaran tenaga kerjanya dalam pasar tenaga kerja .<o:p></o:p></span></p><p class=\"Para-1\">\r\n\r\n\r\n\r\n\r\n\r\n\r\n\r\n\r\n\r\n\r\n\r\n\r\n\r\n\r\n\r\n</p><p class=\"Para-1\" style=\"margin-left:2.0cm;mso-list:l0 level1 lfo1\"><!--[if !supportLists]--><span lang=\"IN\">d.<span style=\"font-variant-numeric: normal; font-variant-east-asian: normal; font-stretch: normal; font-size: 7pt; line-height: normal; font-family: &quot;Times New Roman&quot;;\">&nbsp;&nbsp;&nbsp;&nbsp;&nbsp;&nbsp;&nbsp;\r\n</span></span><!--[endif]--><span lang=\"IN\">Hitunglah\r\nberapa besarnya surplus produsen dan surplus konsumennya serta besarnya\r\nkeuntungan yang didapat pada perekonomian tersebut?<o:p></o:p></span></p>',0,0,'Untuk menjawab soal latihan ini, silahkan klik tombol Materi lalu tekan (ctrl+F) lalu cari di halaman 2.58 dengan ketik \"2.58\" pada text pencarian'),(66,16,4,'Latihan 2','<p class=\"Para-1\"><span lang=\"IN\">Jelaskan arti penting\r\nkonsep keseimbangan tenaga kerja !<o:p></o:p></span></p>',0,0,'Untuk menjawab soal latihan ini, silahkan klik tombol Materi lalu tekan (ctrl+F) lalu cari di halaman 2.60 dengan ketik \"2.60\" pada text pencarian'),(67,16,4,'Latihan 2','<p><span lang=\"IN\" style=\"font-size: 12pt; font-family: Calibri, sans-serif;\">Jelaskan\r\nkondisi-kondisi yang dapat mengubah outcome\r\npasar tenaga kerja !</span><br></p>',0,0,'Untuk menjawab soal latihan ini, silahkan klik tombol Materi lalu tekan (ctrl+F) lalu cari di halaman 2.61 dengan ketik \"2.61\" pada text pencarian'),(68,16,4,'Latihan 2','<p><span lang=\"IN\" style=\"font-size: 12pt; font-family: Calibri, sans-serif;\">Jelaskan\r\nbagaimana pajak yang dibebankan kepada pengusaha mempengaruhi permintaan tenaga\r\nkerja!</span><br></p>',0,0,'Untuk menjawab soal latihan ini, silahkan klik tombol Materi lalu tekan (ctrl+F) lalu cari di halaman 2.61 dengan ketik \"2.61\" pada text pencarian'),(69,16,4,'Latihan 2','<p class=\"Para-1\"><span lang=\"IN\">Apa yang akan terjadi\r\napabila suatu negara mengalami kekurangan tenaga kerja?<o:p></o:p></span></p>',0,0,'Untuk menjawab soal latihan ini, silahkan klik tombol Materi lalu tekan (ctrl+F) lalu cari di halaman 2.60 dengan ketik \"2.60\" pada text pencarian'),(70,15,4,'Latihan 2','<p class=\"Para-1\"><span lang=\"IN\"><span style=\"font-variant-numeric: normal; font-variant-east-asian: normal; font-stretch: normal; font-size: 7pt; line-height: normal; font-family: &quot;Times New Roman&quot;;\">&nbsp;</span></span><!--[endif]--><span lang=\"IN\">Sebutkan\r\nasumsi- asumsi yang digunakan untuk menjelaskan teori Produk Pendapatan\r\nMarjinal dari penggunaan tenaga kerja (MRP<sub>L</sub> )!<o:p></o:p></span></p>',0,0,'Untuk menjawab soal latihan ini, silahkan klik tombol Materi lalu tekan (ctrl+F) lalu cari di halaman 1.50 dengan ketik \"1.50\" pada text pencarian'),(71,15,4,'Latihan 2','<p class=\"Para-1\"><span lang=\"IN\">Jika\r\nfungsi produksi PT Mobil Timor </span><!--[if gte msEquation 12]><m:oMath><i\r\n style=\'mso-bidi-font-style:normal\'><span lang=IN style=\'font-family:\"Cambria Math\",\"serif\";\r\n mso-no-proof:yes\'><m:r>Q</m:r><m:r>=</m:r></span></i><m:sSup><m:sSupPr><span\r\n   style=\'font-family:\"Cambria Math\",\"serif\";mso-ascii-font-family:\"Cambria Math\";\r\n   mso-hansi-font-family:\"Cambria Math\";font-style:italic;mso-bidi-font-style:\r\n   normal;mso-no-proof:yes\'><m:ctrlPr></m:ctrlPr></span></m:sSupPr><m:e><i\r\n   style=\'mso-bidi-font-style:normal\'><span lang=IN style=\'font-family:\"Cambria Math\",\"serif\";\r\n   mso-no-proof:yes\'><m:r>K</m:r></span></i></m:e><m:sup><m:f><m:fPr><span\r\n     style=\'font-family:\"Cambria Math\",\"serif\";mso-ascii-font-family:\"Cambria Math\";\r\n     mso-hansi-font-family:\"Cambria Math\";font-style:italic;mso-bidi-font-style:\r\n     normal;mso-no-proof:yes\'><m:ctrlPr></m:ctrlPr></span></m:fPr><m:num><i\r\n     style=\'mso-bidi-font-style:normal\'><span lang=IN style=\'font-family:\"Cambria Math\",\"serif\";\r\n     mso-no-proof:yes\'><m:r>3</m:r></span></i></m:num><m:den><i\r\n     style=\'mso-bidi-font-style:normal\'><span lang=IN style=\'font-family:\"Cambria Math\",\"serif\";\r\n     mso-no-proof:yes\'><m:r>4</m:r></span></i></m:den></m:f></m:sup></m:sSup><m:sSup><m:sSupPr><span\r\n   style=\'font-family:\"Cambria Math\",\"serif\";mso-ascii-font-family:\"Cambria Math\";\r\n   mso-hansi-font-family:\"Cambria Math\";font-style:italic;mso-bidi-font-style:\r\n   normal;mso-no-proof:yes\'><m:ctrlPr></m:ctrlPr></span></m:sSupPr><m:e><i\r\n   style=\'mso-bidi-font-style:normal\'><span lang=IN style=\'font-family:\"Cambria Math\",\"serif\";\r\n   mso-no-proof:yes\'><m:r>L</m:r></span></i></m:e><m:sup><m:f><m:fPr><span\r\n     style=\'font-family:\"Cambria Math\",\"serif\";mso-ascii-font-family:\"Cambria Math\";\r\n     mso-hansi-font-family:\"Cambria Math\";font-style:italic;mso-bidi-font-style:\r\n     normal;mso-no-proof:yes\'><m:ctrlPr></m:ctrlPr></span></m:fPr><m:num><i\r\n     style=\'mso-bidi-font-style:normal\'><span lang=IN style=\'font-family:\"Cambria Math\",\"serif\";\r\n     mso-no-proof:yes\'><m:r>1</m:r></span></i></m:num><m:den><i\r\n     style=\'mso-bidi-font-style:normal\'><span lang=IN style=\'font-family:\"Cambria Math\",\"serif\";\r\n     mso-no-proof:yes\'><m:r>4</m:r></span></i></m:den></m:f></m:sup></m:sSup></m:oMath><![endif]--><!--[if !msEquation]--><span style=\"font-size:11.0pt;line-height:107%;font-family:&quot;Calibri&quot;,&quot;sans-serif&quot;;\r\nmso-ascii-theme-font:minor-latin;mso-fareast-font-family:&quot;Times New Roman&quot;;\r\nmso-fareast-theme-font:minor-fareast;mso-hansi-theme-font:minor-latin;\r\nmso-bidi-font-family:&quot;Times New Roman&quot;;mso-bidi-theme-font:minor-bidi;\r\nposition:relative;top:3.0pt;mso-text-raise:-3.0pt;mso-ansi-language:EN-US;\r\nmso-fareast-language:EN-US;mso-bidi-language:AR-SA\"><v:shapetype id=\"_x0000_t75\" coordsize=\"21600,21600\" o:spt=\"75\" o:preferrelative=\"t\" path=\"m@4@5l@4@11@9@11@9@5xe\" filled=\"f\" stroked=\"f\">\r\n <v:stroke joinstyle=\"miter\">\r\n <v:formulas>\r\n  <v:f eqn=\"if lineDrawn pixelLineWidth 0\">\r\n  <v:f eqn=\"sum @0 1 0\">\r\n  <v:f eqn=\"sum 0 0 @1\">\r\n  <v:f eqn=\"prod @2 1 2\">\r\n  <v:f eqn=\"prod @3 21600 pixelWidth\">\r\n  <v:f eqn=\"prod @3 21600 pixelHeight\">\r\n  <v:f eqn=\"sum @0 0 1\">\r\n  <v:f eqn=\"prod @6 1 2\">\r\n  <v:f eqn=\"prod @7 21600 pixelWidth\">\r\n  <v:f eqn=\"sum @8 21600 0\">\r\n  <v:f eqn=\"prod @7 21600 pixelHeight\">\r\n  <v:f eqn=\"sum @10 21600 0\">\r\n </v:f></v:f></v:f></v:f></v:f></v:f></v:f></v:f></v:f></v:f></v:f></v:f></v:formulas>\r\n <v:path o:extrusionok=\"f\" gradientshapeok=\"t\" o:connecttype=\"rect\">\r\n <o:lock v:ext=\"edit\" aspectratio=\"t\">\r\n</o:lock></v:path></v:stroke></v:shapetype><v:shape id=\"_x0000_i1025\" type=\"#_x0000_t75\" style=\"width:48.75pt;\r\n height:20.25pt\">\r\n <v:imagedata src=\"file:///C:\\Users\\adek\\AppData\\Local\\Temp\\msohtmlclip1\\01\\clip_image001.png\" o:title=\"\" chromakey=\"white\">\r\n</v:imagedata></v:shape></span><!--[endif]--><span lang=\"IN\">&nbsp;&nbsp; dengan kemiringan budget anggarannya (<i>isocost</i>) </span><!--[if gte msEquation 12]><m:oMath><i\r\n style=\'mso-bidi-font-style:normal\'><span lang=IN style=\'font-family:\"Cambria Math\",\"serif\";\r\n mso-no-proof:yes\'><m:r>-</m:r></span></i><m:f><m:fPr><span style=\'font-family:\r\n   \"Cambria Math\",\"serif\";mso-ascii-font-family:\"Cambria Math\";mso-hansi-font-family:\r\n   \"Cambria Math\";font-style:italic;mso-bidi-font-style:normal;mso-no-proof:\r\n   yes\'><m:ctrlPr></m:ctrlPr></span></m:fPr><m:num><i style=\'mso-bidi-font-style:\r\n   normal\'><span lang=IN style=\'font-family:\"Cambria Math\",\"serif\";mso-no-proof:\r\n   yes\'><m:r>w</m:r></span></i></m:num><m:den><i style=\'mso-bidi-font-style:\r\n   normal\'><span lang=IN style=\'font-family:\"Cambria Math\",\"serif\";mso-no-proof:\r\n   yes\'><m:r>r</m:r></span></i></m:den></m:f></m:oMath><![endif]--><!--[if !msEquation]--><span style=\"font-size:11.0pt;line-height:107%;font-family:&quot;Calibri&quot;,&quot;sans-serif&quot;;\r\nmso-ascii-theme-font:minor-latin;mso-fareast-font-family:&quot;Times New Roman&quot;;\r\nmso-fareast-theme-font:minor-fareast;mso-hansi-theme-font:minor-latin;\r\nmso-bidi-font-family:&quot;Times New Roman&quot;;mso-bidi-theme-font:minor-bidi;\r\nposition:relative;top:7.0pt;mso-text-raise:-7.0pt;mso-ansi-language:EN-US;\r\nmso-fareast-language:EN-US;mso-bidi-language:AR-SA\"><v:shape id=\"_x0000_i1025\" type=\"#_x0000_t75\" style=\"width:18pt;height:20.25pt\">\r\n <v:imagedata src=\"file:///C:\\Users\\adek\\AppData\\Local\\Temp\\msohtmlclip1\\01\\clip_image002.png\" o:title=\"\" chromakey=\"white\">\r\n</v:imagedata></v:shape></span><!--[endif]--><span lang=\"IN\">&nbsp;-w/r. Jika diketahui tingkat upah (w</span><!--[if gte msEquation 12]><m:oMath><i\r\n style=\'mso-bidi-font-style:normal\'><span lang=IN style=\'font-family:\"Cambria Math\",\"serif\";\r\n mso-no-proof:yes\'><m:r>w</m:r></span></i></m:oMath><![endif]--><!--[if !msEquation]--><span style=\"font-size:11.0pt;line-height:107%;font-family:&quot;Calibri&quot;,&quot;sans-serif&quot;;\r\nmso-ascii-theme-font:minor-latin;mso-fareast-font-family:&quot;Times New Roman&quot;;\r\nmso-fareast-theme-font:minor-fareast;mso-hansi-theme-font:minor-latin;\r\nmso-bidi-font-family:&quot;Times New Roman&quot;;mso-bidi-theme-font:minor-bidi;\r\nposition:relative;top:3.0pt;mso-text-raise:-3.0pt;mso-ansi-language:EN-US;\r\nmso-fareast-language:EN-US;mso-bidi-language:AR-SA\"><v:shape id=\"_x0000_i1025\" type=\"#_x0000_t75\" style=\"width:9pt;height:20.25pt\">\r\n <v:imagedata src=\"file:///C:\\Users\\adek\\AppData\\Local\\Temp\\msohtmlclip1\\01\\clip_image003.png\" o:title=\"\" chromakey=\"white\">\r\n</v:imagedata></v:shape></span><!--[endif]--><span lang=\"IN\">) = $ 27 dan\r\nbiaya kapital (r)</span><span lang=\"IN\">= $ 256.\r\nTentukankan;<o:p></o:p></span></p><p class=\"Para-1\" style=\"margin-left:2.0cm;mso-list:l0 level1 lfo2;tab-stops:\r\n2.0cm\"><!--[if !supportLists]--><span lang=\"IN\">a.<span style=\"font-variant-numeric: normal; font-variant-east-asian: normal; font-stretch: normal; font-size: 7pt; line-height: normal; font-family: &quot;Times New Roman&quot;;\">&nbsp;&nbsp;&nbsp;&nbsp;&nbsp;&nbsp;&nbsp;\r\n</span></span><!--[endif]--><span lang=\"IN\">Nilai\r\nMRTS nya.<o:p></o:p></span></p><p class=\"Para-1\" style=\"margin-left:2.0cm;mso-list:l0 level1 lfo2;tab-stops:\r\n2.0cm\"><!--[if !supportLists]--><span lang=\"IN\">b.<span style=\"font-variant-numeric: normal; font-variant-east-asian: normal; font-stretch: normal; font-size: 7pt; line-height: normal; font-family: &quot;Times New Roman&quot;;\">&nbsp;&nbsp;&nbsp;&nbsp;&nbsp;&nbsp;&nbsp;\r\n</span></span><!--[endif]--><span lang=\"IN\">Berapa\r\nkombinasi tenaga kerja dan kapital yang digunakan untuk keuntungan maksimum.<o:p></o:p></span></p><p>\r\n\r\n\r\n\r\n\r\n\r\n</p><p class=\"Para-1\" style=\"margin-left:2.0cm;mso-list:l0 level1 lfo2;tab-stops:\r\n2.0cm\"><!--[if !supportLists]--><span lang=\"IN\">c.<span style=\"font-variant-numeric: normal; font-variant-east-asian: normal; font-stretch: normal; font-size: 7pt; line-height: normal; font-family: &quot;Times New Roman&quot;;\">&nbsp;&nbsp;&nbsp;&nbsp;&nbsp;&nbsp;&nbsp;\r\n</span></span><!--[endif]--><span lang=\"IN\">Hitung\r\nbesarnya biaya minimum yang dikeluarkan jika akan memproduksi mobil Timor\r\nsebanyak 1080 unit?<o:p></o:p></span></p>',0,0,'Untuk menjawab soal latihan ini, silahkan klik tombol Materi lalu tekan (ctrl+F) lalu cari di halaman 1.51 dengan ketik \"1.51\" pada text pencarian'),(72,15,4,'Latihan 2','<p class=\"Para-1\"><span lang=\"IN\">Mengapa\r\nkurva permintaan pasar tenaga kerja atau kurva permintaan tenaga kerja industri\r\njangka pendek tidak diperoleh dari menjumlahkan kurva permintaan tenaga kerja\r\nmasing-masing perusahaan secara horizontal?&nbsp;<o:p></o:p></span></p>',0,0,'Untuk menjawab soal latihan ini, silahkan klik tombol Materi lalu tekan (ctrl+F) lalu cari di halaman 1.53 dengan ketik \"1.53\" pada text pencarian'),(73,15,4,'Latihan 2','<p class=\"Para-1\"><span lang=\"IN\">Jika upah\r\nturun, maka dalam proses produksinya pengusaha akan lebih berorientasi pada\r\npadat karya (<i>labor intensive</i>).\r\nJelaskan dengan menggunakan efek skala dan efek subsitusi mengapa pengusaha\r\nmelakukan hal tersebut?<o:p></o:p></span></p>',0,0,'Untuk menjawab soal latihan ini, silahkan klik tombol Materi lalu tekan (ctrl+F) lalu cari di halaman 1.54 dengan ketik \"1.54\" pada text pencarian'),(74,15,4,'Latihan 2','<p class=\"Para-1\"><span lang=\"IN\">Prinsip\r\napa yang digunakan oleh perusahaan dalam membuat keputusan, untuk menambah atau\r\nmengurangi tenaga kerjanya? Jelaskan!<o:p></o:p></span></p>',0,0,'Untuk menjawab soal latihan ini, silahkan klik tombol Materi lalu tekan (ctrl+F) lalu cari di halaman 1.55 dengan ketik \"1.55\" pada text pencarian'),(75,17,1,'Tes Formatif 1','<p class=\"Para-1\"><span lang=\"IN\">Elastisitas permintaan tenaga kerja adalah ....</span></p>',4,10,''),(76,17,1,'Tes Formatif 1','<p class=\"Para-1\"><span lang=\"IN\">Pergerakan\r\ndari atas ke bawah di sepanjang kurva permintaan tenaga kerja, maka\r\nelastisitasnya ....</span></p>',1,10,''),(77,17,1,'Tes Formatif 1','<p class=\"Para-1\"><span lang=\"IN\">Nilai elastisitas permintaan tenaga kerja ....</span></p>',1,10,''),(78,17,1,'Tes Formatif 1','<p class=\"Para-1\"><span lang=\"IN\">Nilai elastisitas permintaan tenaga kerja\r\ncenderung ....</span></p>',1,10,''),(79,17,1,'Tes Formatif 1','<p class=\"Para-1\"><span lang=\"IN\">Jika permintaan suatu <i>software &nbsp;computer</i> bersifat elastik, maka\r\nelastisitas upah permintaan tenaga programmernya akan ....</span></p>',3,10,''),(80,17,1,'Tes Formatif 1','<p class=\"Para-1\"><span lang=\"IN\">Nilai elastisitas silang upah tenaga kerja ....</span></p>',4,10,''),(81,17,1,'Tes Formatif 1','<p class=\"Para-1\"><span lang=\"IN\">Jika 2 posisi pekerjaan bersifat komplementer,\r\nmaka elastisitas upah silang kedua pekerjaan tersebut akan bernilai ....</span>&nbsp;&nbsp;</p>',2,10,''),(82,17,1,'Tes Formatif 1','<p class=\"Para-1\"><span lang=\"IN\">Jika jumlah tenaga kerja adalah persentase kecil\r\ndari total biaya industri, maka akan cenderung membuat elastisitas upah\r\npermintaan tenaga kerja menjadi ....</span></p>',2,10,''),(83,17,1,'Tes Formatif 1','<p class=\"Para-1\"><span lang=\"IN\">Jika elastisitas upah operator mesin sebesar\r\n-0.5, maka kenaikan upah operator mesin tersebut dari Rp 45.000,00 menjadi Rp\r\n55.000,00 akan menyebabkan jumlah operator mesin yang diminta turun sebesar\r\n....</span></p><p class=\"Para-2\"><span lang=\"IN\"><o:p></o:p></span></p>',3,10,''),(84,17,1,'Tes Formatif 1','<p class=\"Para-1\"><span lang=\"IN\">Untuk menentukan bagaimana respon dari jumlah\r\norang yang bekerja di suatu daerah apabila terjadi perubahan upah dapat\r\ndihitung dengan menggunakan elastisitas ....</span></p><p>\r\n\r\n\r\n\r\n\r\n\r\n\r\n\r\n\r\n\r\n</p><p class=\"Para-1\"><span lang=\"IN\">&nbsp;</span></p>',3,10,''),(85,17,3,'Tes Formatif 2','<p class=\"Para-1\"><span lang=\"IN\">Elastisitas penawaran tenaga kerja adalah\r\npersentase perubahan jam kerja yang disebabkan karena perubahan ....</span></p>',3,10,''),(86,17,3,'Tes Formatif 2','<p class=\"Para-1\"><span lang=\"IN\">Formula untuk menghitung elastisitas penawaran\r\ntenaga kerja ....</span></p><p>\r\n\r\n\r\n\r\n\r\n\r\n\r\n\r\n\r\n\r\n</p><p class=\"Para-1\"><span lang=\"IN\">&nbsp;</span></p>',4,10,''),(87,17,3,'Tes Formatif 2','<p class=\"Para-1\"><span lang=\"IN\">Penawaran tenaga kerja bersifat elastik, artinya\r\npersentase perubahan jumlah tenaga kerja lebih ....</span></p>',1,10,''),(88,17,3,'Tes Formatif 2','<p class=\"Para-1\"><span lang=\"IN\">Metode penghitungan elastisitas penawaran tenaga\r\nkerja dengan memakai elastisitas titik dan elastisitas busur, digunakan pada\r\n....</span></p>',1,10,''),(89,17,3,'Tes Formatif 2','<p class=\"Para-1\"><span lang=\"IN\">Formula yang digunakan untuk menghitung\r\nelastisitas busur adalah ....<o:p></o:p></span></p><p class=\"Para-2\"><i><span lang=\"IN\" style=\"font-size:12.0pt;font-family:&quot;Calibri&quot;,&quot;sans-serif&quot;;mso-fareast-font-family:\r\n&quot;Times New Roman&quot;;mso-bidi-font-family:&quot;Times New Roman&quot;;mso-ansi-language:\r\nIN;mso-fareast-language:EN-US;mso-bidi-language:AR-SA\"><span style=\"position:\r\nrelative;top:17.0pt;mso-text-raise:-17.0pt\"><v:shapetype id=\"_x0000_t75\" coordsize=\"21600,21600\" o:spt=\"75\" o:preferrelative=\"t\" path=\"m@4@5l@4@11@9@11@9@5xe\" filled=\"f\" stroked=\"f\">\r\n <v:stroke joinstyle=\"miter\">\r\n <v:formulas>\r\n  <v:f eqn=\"if lineDrawn pixelLineWidth 0\">\r\n  <v:f eqn=\"sum @0 1 0\">\r\n  <v:f eqn=\"sum 0 0 @1\">\r\n  <v:f eqn=\"prod @2 1 2\">\r\n  <v:f eqn=\"prod @3 21600 pixelWidth\">\r\n  <v:f eqn=\"prod @3 21600 pixelHeight\">\r\n  <v:f eqn=\"sum @0 0 1\">\r\n  <v:f eqn=\"prod @6 1 2\">\r\n  <v:f eqn=\"prod @7 21600 pixelWidth\">\r\n  <v:f eqn=\"sum @8 21600 0\">\r\n  <v:f eqn=\"prod @7 21600 pixelHeight\">\r\n  <v:f eqn=\"sum @10 21600 0\">\r\n </v:f></v:f></v:f></v:f></v:f></v:f></v:f></v:f></v:f></v:f></v:f></v:f></v:formulas>\r\n <v:path o:extrusionok=\"f\" gradientshapeok=\"t\" o:connecttype=\"rect\">\r\n <o:lock v:ext=\"edit\" aspectratio=\"t\">\r\n</o:lock></v:path></v:stroke></v:shapetype><v:shape id=\"_x0000_i1025\" type=\"#_x0000_t75\" style=\"width:99pt;\r\n height:39pt\" o:ole=\"\">\r\n <v:imagedata src=\"file:///C:\\Users\\adek\\AppData\\Local\\Temp\\msohtmlclip1\\01\\clip_image001.wmz\" o:title=\"\">\r\n</v:imagedata></v:shape></span><!--[if gte mso 9]><xml>\r\n <o:OLEObject Type=\"Embed\" ProgID=\"Equation.DSMT4\" ShapeID=\"_x0000_i1025\"\r\n  DrawAspect=\"Content\" ObjectID=\"_1650570258\">\r\n </o:OLEObject>\r\n</xml><![endif]--></span></i><br></p>',3,10,''),(90,17,3,'Tes Formatif 2','<p class=\"Para-1\"><span lang=\"IN\">Jika Anda membaca suatu iklan yang berisi\r\nlowongan pekerjaan. Disitu tertera persyaratan ketrampilan yang sangat spesifik\r\nyang harus dimiliki oleh calon tenaga kerja. Hal ini akan menjadikan penawaran\r\ntenaga kerjanya akan &nbsp;bersifat ....</span></p>',1,10,''),(91,17,3,'Tes Formatif 2','<p class=\"Para-1\"><span lang=\"IN\">Tenaga kerja yang memiliki keterbatasan\r\nketrampilan (unskilled labour), maka kurva penawarannya berbentuk ....<o:p></o:p></span></p>',3,10,''),(92,17,3,'Tes Formatif 2','<p class=\"Para-1\"><span lang=\"IN\">Dari gambar di bawah ini, manakah yang\r\nmenunjukkan kurva penawarannya inelastik sempurna ....<o:p></o:p></span></p>',3,10,''),(93,17,3,'Tes Formatif 2','<p class=\"Para-1\"><span lang=\"IN\">Saat preferensi seseorang untuk menggunakan waktu\r\nluangnya menurun, Jika terjadi kenaikan upah, apa yang terjadi dengan penawaran\r\ntenaga kerjanya?</span></p><p>\r\n\r\n\r\n\r\n\r\n\r\n\r\n\r\n\r\n\r\n</p><p class=\"Para-1\"><span lang=\"IN\">&nbsp;</span></p>',2,10,''),(94,17,3,'Tes Formatif 2','<p class=\"Para-1\"><span lang=\"IN\">Berikut ini yang tidak mempengaruhi elastisitas\r\npenawaran tenaga kerja adalah<o:p></o:p></span></p><p class=\"Para-2\"><br></p><p class=\"Para-2\"><span lang=\"IN\">&nbsp;</span></p><p>\r\n\r\n\r\n\r\n\r\n\r\n\r\n\r\n\r\n\r\n\r\n\r\n</p><p class=\"Para-0\"><b><span lang=\"IN\">&nbsp;</span></b></p>',4,10,''),(95,17,2,'Latihan 1','<p class=\"Para-1\"><span lang=\"IN\">Jika merunut pada Hicks-Marshall Laws, jelaskan\r\nfaktor- faktor apa saja yang dapat menyebabkan permintaan tenaga kerja bersifat\r\nlebih elastis!<o:p></o:p></span></p>',0,0,'Untuk menjawab soal latihan ini, silahkan klik tombol Materi lalu tekan (ctrl+F) lalu cari di halaman 3.26 dengan ketik \"3.26\" pada text pencarian'),(96,17,2,'Latihan 1','<p class=\"Para-1\"><span lang=\"IN\">Diketahui tingkat upah tenaga kerja di suatu\r\nwilayah mengalami kenaikan dari Rp 3.000,- menjadi Rp 4.000,- per jam.\r\nPerubahan ini menyebabkan perubahan kesempatan kerja yang ditawarkan dari 4500\r\nmenjadi 4000 unit. Tentukan berapa elastisitas kesempatan kerjanya dan\r\nbagaimana sifat elastisitasnya; elastis, inelastik atau <i>unitary elastic</i>?<o:p></o:p></span></p>',0,0,'Untuk menjawab soal latihan ini, silahkan klik tombol Materi lalu tekan (ctrl+F) lalu cari di halaman 3.26 dengan ketik \"3.26\" pada text pencarian'),(97,17,2,'Latihan 1','<p class=\"Para-1\"><span lang=\"IN\">Apabila diketahui data permintaan karyawan hotel\r\nSiam adalah sebagai berikut:<o:p></o:p></span></p><p class=\"Para-1\"><span lang=\"IN\">&nbsp;</span></p><table class=\"MsoNormalTable\" border=\"1\" cellspacing=\"0\" cellpadding=\"0\" style=\"margin-left: 90.75pt; border: none;\">\r\n <tbody><tr>\r\n  <td width=\"155\" valign=\"top\" style=\"width: 116.4pt; border-width: 1pt; border-color: windowtext; padding: 0cm 5.4pt;\">\r\n  <p class=\"Para-1\" align=\"center\" style=\"text-align:center\"><b><span lang=\"IN\">Jumlah\r\n  jam kerja<o:p></o:p></span></b></p>\r\n  </td>\r\n  <td width=\"145\" valign=\"top\" style=\"width: 108.55pt; border-top-width: 1pt; border-right-width: 1pt; border-bottom-width: 1pt; border-top-color: windowtext; border-right-color: windowtext; border-bottom-color: windowtext; border-left: none; padding: 0cm 5.4pt;\">\r\n  <p class=\"Para-1\" align=\"center\" style=\"text-align:center\"><b><span lang=\"IN\">Upah\r\n  (Rp 0.000)<o:p></o:p></span></b></p>\r\n  </td>\r\n </tr>\r\n <tr>\r\n  <td width=\"155\" valign=\"top\" style=\"width: 116.4pt; border-right-width: 1pt; border-bottom-width: 1pt; border-left-width: 1pt; border-right-color: windowtext; border-bottom-color: windowtext; border-left-color: windowtext; border-top: none; padding: 0cm 5.4pt;\">\r\n  <p class=\"Para-1\" align=\"center\" style=\"text-align:center\"><span lang=\"IN\">2<o:p></o:p></span></p>\r\n  </td>\r\n  <td width=\"145\" valign=\"top\" style=\"width: 108.55pt; border-top: none; border-left: none; border-bottom-width: 1pt; border-bottom-color: windowtext; border-right-width: 1pt; border-right-color: windowtext; padding: 0cm 5.4pt;\">\r\n  <p class=\"Para-1\" align=\"center\" style=\"text-align:center\"><span lang=\"IN\">10<o:p></o:p></span></p>\r\n  </td>\r\n </tr>\r\n <tr>\r\n  <td width=\"155\" valign=\"top\" style=\"width: 116.4pt; border-right-width: 1pt; border-bottom-width: 1pt; border-left-width: 1pt; border-right-color: windowtext; border-bottom-color: windowtext; border-left-color: windowtext; border-top: none; padding: 0cm 5.4pt;\">\r\n  <p class=\"Para-1\" align=\"center\" style=\"text-align:center\"><span lang=\"IN\">3<o:p></o:p></span></p>\r\n  </td>\r\n  <td width=\"145\" valign=\"top\" style=\"width: 108.55pt; border-top: none; border-left: none; border-bottom-width: 1pt; border-bottom-color: windowtext; border-right-width: 1pt; border-right-color: windowtext; padding: 0cm 5.4pt;\">\r\n  <p class=\"Para-1\" align=\"center\" style=\"text-align:center\"><span lang=\"IN\">8<o:p></o:p></span></p>\r\n  </td>\r\n </tr>\r\n <tr>\r\n  <td width=\"155\" valign=\"top\" style=\"width: 116.4pt; border-right-width: 1pt; border-bottom-width: 1pt; border-left-width: 1pt; border-right-color: windowtext; border-bottom-color: windowtext; border-left-color: windowtext; border-top: none; padding: 0cm 5.4pt;\">\r\n  <p class=\"Para-1\" align=\"center\" style=\"text-align:center\"><span lang=\"IN\">4<o:p></o:p></span></p>\r\n  </td>\r\n  <td width=\"145\" valign=\"top\" style=\"width: 108.55pt; border-top: none; border-left: none; border-bottom-width: 1pt; border-bottom-color: windowtext; border-right-width: 1pt; border-right-color: windowtext; padding: 0cm 5.4pt;\">\r\n  <p class=\"Para-1\" align=\"center\" style=\"text-align:center\"><span lang=\"IN\">6<o:p></o:p></span></p>\r\n  </td>\r\n </tr>\r\n <tr>\r\n  <td width=\"155\" valign=\"top\" style=\"width: 116.4pt; border-right-width: 1pt; border-bottom-width: 1pt; border-left-width: 1pt; border-right-color: windowtext; border-bottom-color: windowtext; border-left-color: windowtext; border-top: none; padding: 0cm 5.4pt;\">\r\n  <p class=\"Para-1\" align=\"center\" style=\"text-align:center\"><span lang=\"IN\">5<o:p></o:p></span></p>\r\n  </td>\r\n  <td width=\"145\" valign=\"top\" style=\"width: 108.55pt; border-top: none; border-left: none; border-bottom-width: 1pt; border-bottom-color: windowtext; border-right-width: 1pt; border-right-color: windowtext; padding: 0cm 5.4pt;\">\r\n  <p class=\"Para-1\" align=\"center\" style=\"text-align:center\"><span lang=\"IN\">4<o:p></o:p></span></p>\r\n  </td>\r\n </tr>\r\n <tr>\r\n  <td width=\"155\" valign=\"top\" style=\"width: 116.4pt; border-right-width: 1pt; border-bottom-width: 1pt; border-left-width: 1pt; border-right-color: windowtext; border-bottom-color: windowtext; border-left-color: windowtext; border-top: none; padding: 0cm 5.4pt;\">\r\n  <p class=\"Para-1\" align=\"center\" style=\"text-align:center\"><span lang=\"IN\">6<o:p></o:p></span></p>\r\n  </td>\r\n  <td width=\"145\" valign=\"top\" style=\"width: 108.55pt; border-top: none; border-left: none; border-bottom-width: 1pt; border-bottom-color: windowtext; border-right-width: 1pt; border-right-color: windowtext; padding: 0cm 5.4pt;\">\r\n  <p class=\"Para-1\" align=\"center\" style=\"text-align:center\"><span lang=\"IN\">2<o:p></o:p></span></p>\r\n  </td>\r\n </tr>\r\n</tbody></table><p class=\"Para-1\"><span lang=\"IN\">&nbsp;</span></p><p>\r\n\r\n\r\n\r\n\r\n\r\n\r\n\r\n</p><p class=\"Para-1\"><span lang=\"IN\">&nbsp;&nbsp;&nbsp;&nbsp;&nbsp;&nbsp;&nbsp; Hitunglah\r\nberapa elastisitas upah karyawan hotel tersebut dan identifikasi apakah\r\nmasing-masing bersifat elastis, inelastik atau <i>unitary elastic</i>?<o:p></o:p></span></p>',0,0,'Untuk menjawab soal latihan ini, silahkan klik tombol Materi lalu tekan (ctrl+F) lalu cari di halaman 3.27 dengan ketik \"3.27\" pada text pencarian'),(98,17,2,'Latihan 1','<p class=\"Para-1\"><span lang=\"IN\">Elastisitas permintaan tenaga ukir Jepara akan\r\ntinggi ketika elastisitas harga permintaan kursi ukir juga tinggi. Apakah\r\nmaksud pernyataan tersebut?<o:p></o:p></span></p>',0,0,'Untuk menjawab soal latihan ini, silahkan klik tombol Materi lalu tekan (ctrl+F) lalu cari di halaman 3.27 dengan ketik \"3.27\" pada text pencarian'),(99,17,2,'Latihan 1','<p class=\"Para-1\"><span lang=\"IN\">Apa yang dimaksud dengan elastisitas silang upah\r\ntenaga kerja dan kegunaannya di pasar tenaga kerja?&nbsp;<o:p></o:p></span></p>',0,0,'Untuk menjawab soal latihan ini, silahkan klik tombol Materi lalu tekan (ctrl+F) lalu cari di halaman 3.28 dengan ketik \"3.28\" pada text pencarian'),(100,17,4,'Latihan 2','<p><i><span lang=\"IN\" style=\"font-size:12.0pt;font-family:&quot;Calibri&quot;,&quot;sans-serif&quot;;mso-fareast-font-family:\r\n&quot;Times New Roman&quot;;mso-bidi-font-family:&quot;Times New Roman&quot;;mso-ansi-language:\r\nIN;mso-fareast-language:EN-US;mso-bidi-language:AR-SA\">Apa yang dimaksud dengan\r\nelastisitas penawaran tenaga kerja?</span></i><br></p>',0,0,'Untuk menjawab soal latihan ini, silahkan klik tombol Materi lalu tekan (ctrl+F) lalu cari di halaman 3.49 dengan ketik \"3.49\" pada text pencarian'),(101,17,4,'Latihan 2','<p class=\"Para-1\"><span lang=\"IN\">Ada berapa cara untuk menentukan nilai\r\nelastisitas penawaran pada kurva penawaran tenaga kerja?<o:p></o:p></span></p>',0,0,'Untuk menjawab soal latihan ini, silahkan klik tombol Materi lalu tekan (ctrl+F) lalu cari di halaman 3.49 dengan ketik \"3.49\" pada text pencarian'),(102,17,4,'Latihan 2','<p class=\"Para-1\"><span lang=\"IN\">Diketahui kurva penawaran di bawah ini.</span></p><p class=\"Para-1\"><img src=\"data:image/png;base64,iVBORw0KGgoAAAANSUhEUgAAAX0AAAE9CAIAAAEfRBX8AAAAAXNSR0IArs4c6QAAAARnQU1BAACxjwv8YQUAAAAJcEhZcwAADsMAAA7EAYguPqMAACRZSURBVHhe7Z0NaBVnuse9e7uwe/FyyyVgL13WQFyvSLCL3hb13tCjRE4g4hq06NUWD00JHLFb661oV2ora0mzbbGkVNtVemjFpq24a2nAUm1PJVgrBgVDg1aOUZoSzPqR4kcjOdD75DyPr5PzOTNn3vn8/wgn7/POnDnveeY//3lnzsw7k372GT5uUEdHR11d3aQcUuUF/l5l3uaGQYMq4XyD7v/do1KyhfMNGstmpWQLhxtUZXoIJxtUfWsIhzNUPdU2KJPJ9PT0SOAEDjSIXhsfS3JYPdU2iHBEOopqG/TRwc+l5BAOZMhZqmrQ5eGrUnIO+w1yVjoKmw168KEmKTmN/QxpYkILamtrpeQdlhs0fX6LlPQwoUH19fVSKoEmIRuZ0KBYLCalYvSfuyAlnVhokDtMaFAikZCSAd700sd6OdTNvQbRfrtogwgXpKOYkKEXX3xRSgYejj8hJVeo3CCXmdCgVColJe8o16CaGQul5CITGpROp6XkrpCNFG/QzVu3ueA+Exo0MDAgJe8o0qAdb+/j0BMmNOjGjRteSUcxoUEE7SichRdrPFmoKrlGIZX8j4/3iqJmdYfKH1axQc622NVvbwYfN2hcVzkk9ggfZ8gPNk34OEM+wfkG8c7H9sbhcIOMx7X2zj1CQ5VwrEFOdcCrbRCL18FelDTI9slvatCVayMSOEHoNPTuB59IySGqapCODrj9Bi1ds0FKjhI6DTmOnQZpPXaz3CDdR5LQUCUsNGjtpnYp6cRsg3RLR2GqQe2d7p17DKCGRkfvSMkVKjTINekoyjXI/dYQAdSQyxRv0Lzm4j8LuUCRBnkiHUV+g1z7oa4U/tbQL3756/Fzeo5Ci+3o6JBg0iR1wprhz+UCzTZeztXYP3tCVPPeQhxYVjwel5ITOPnlQkmRBCkJJpNJLpMQZVr0KK4gSoqUIk/JREybNk1K0aZkgiAiBgmqQPAS5HLDApAg6tzn9e9p9+rs9e1l8HWCMhcHVye3SOAR/k2Qt0eFCj8m6NW33j9y9IQEXuO7BPlEOArvE6Q+aF5zwsNLFEuRnwV1/ZmbCqLP8ptwFN4ryJOLfs3jcYJ8KxyFZwnyf2oYDxI0OnpnduMqCXyP2wkKinAU7iWo55vT23fskSA4uJSgwAlHUTILTt0ruXZTuzt36WlCb4KCKxxFyQRVeafk9PktVY5j4RO0JCgEwlGUTFCpO0kLITtXjh6m1DBOJkjfvf8eUiRBfEBv6U5bpaDwUfKLmUzQ5eGrmq5V9gklE7Rjxw4plSZ8jlNIyQSVv3d834FDjg9U40/sJCgKwlGUTJDx3nrF4sefcfbGGv9jIUGREo6iZIKMN7VOqV8kpehROUHRFI6iZIIIn6cm73wDX5VqRHVfCwtGyvdyJ0xLJpMB6hNfv35dSne/JL2WgWcovPCXCz09PXxB5vjicpV8AYkD6Sgz1oVJci10oCU68Gmz/AMSVA5kpxzITjkmZIcNkryWC/xKe7TxaZGkSHYY166M9DMTsgPyQHbKUTw7Y2NjUoo2xbNDBmT0oMiCFJQD2SkHslMOZKccwchO5uKglKjFkyZVf+bEJH7Pzmdffn3/7x597+NuDuPxuGupIfyenZu3bhuvcuVbqum18JypDvyenVLnuZEd738C8G92/HA3hk+zc+ToiVffel8C7/Bpdnzys5ofs+OfXxx9lx3/pIbwV3bWPL3V2C32HI+zYzyRNJbN6n5cklU8zo6x1+urbYq5lx0+ulNr0h3Ux/kwNcSE7Hh1MYYnH2oG75t1pv88slMSf25TjMfZ4dRAO0VQqvHDQ9KK4ll2Xnhl58nT33IZ2cnHeGMTtqwJ+NmJjXiQncLUQDvCrNiKAN2A62p2fhgaXta6UQID0M44pewG+6xyThz17JTfSUV6y9qZ2n/w0FcSBIqS2XHwMYQVf5kKnnacyk5QOn5F0Zsdk6mJonYWtLSN/HhDgrIEb5/V19cnJVvcvHWbsiNBJYKXnaJ3YpvHkt0Eb8uqJjuBdmIjzmfHxpUlUdFO9+Ee6vtJEHxKZqf8GCIK4w25hL1tKnjaMZkdQn0323YTvH2WVe1U48SByY56spN57RCrk1t+GBqWwDqB2bJUdsyvz7Fs1rdfr0pKfivz2aFtqsrsBEY7CpPZCU3HryhVZUf9Yhc57axfv15KJTjVd/aFV3ZyucqdTpVv10fJ7FQc1dK4TSE7E8izm8htWWWyE24nNmI5Oxu3vXGm/7wEd4mcdkqNxzx1TrOUIoC17JTapqCdcnYTuX1WXnZmNiwvc2VJ5LJjHNnv0uDQk+u3SVCMyG1ZxuxEZxeeR+XsmElNRLUTWdUwJbMzefLkzj0fmnyqY+S0Qy02P5Sw+/usvFMIDj423riqSmbnF7/8Nc3nczZv3sytpez05OBQQfNI6S6FAwTmDazBb5HXXI3g5gAcVZJ3iQh/GfrmXV1d9Mpnxzs6OrhGnSwnaE76mjwP31ZIZaokqMAz0CR6HS+Pv+MutCApuQs3xYf4olmhzQ59MQcd0W/4dKX5BGQH2AfqAfYppx61s+WuUil8u08GujGlHu53c8jHNVzgGuMriBQVVjlpQsmCywSXWT08/AofvhUeKoNwA8MA9oF6gH2sqeeBBx6gPdT3338vMYg2FtRDuhkaGqLX+vr63bt3Sy2IMJb3XKQeKYHIA/UA+0A9wD5QD7AP1OMMJ09/e//vHi0cFERdfpDJweXQAPU4wLzmBEmH/opeDM83rIcyb1BPtbBuqDA6eodrjFC6+Ko9MiHynp7co+x5UgiAeuzzwis7STc935yW2ARKPeUvWwgKUI9NSDfGIbajCdRjmaVrNpB0qhlXJjRAPRagng3pZlZshcSRB+oxC4mGpFO0axxZoJ7K0E6KdEM7LInBXaCeClDXmKQjAZgI1FMSOhQn3aixvkAhUVePusg/D9INLKciUE++ev6692+kmwPdX0gMSlNcCiyRZDKZKXhibbj3XKQbG6O1R5Zy6iHpdHV1RUQ99L2IwiEGQRksSyGU6iHLqXtkiW8HdfMtUVfPgpY2ks6VayNUDuWGoZXoqufmrdukm4YlrRID60RUPdPnt5B08i7mgvdYJXLq+S5ziXRTfthXYJJoqYeOxkk6EhQA77FKVNTz2Zdfk252vL1P4mLgmMsqkVAP6aaM5SigHquEXD3tnSnSTfpYr8RlwZ7LKmFWD+nG/FDcwAbhVM/q5BaSzqXBIYnNAe+xStjUM5bNkm5mNiyXGOgkVOrhezpv3rotsUXgPVYJiXouD18l3Sx+/BmJbYFjLqtYlkJtbW3e0zM8Z+qcZpKOBFUA9Vgl2Oo51XeWdLNx2xsSVwf2XFYJsHrK/+wAXCCQ6tl34BDphl4ldgh4j1Us5ysWi6XTaQm8gHQDy/EJQVLP8y+/Sbqhvo7ETgPvsUpg1EO60T3iCY65rBIA9fCIJ5eHr0qsDajHKpbVk0gkUqmUBJrhS4/nNSck1gz2XFbxhXqKrjYe8aToOJLAJ/hLPXxT8KXBIdLN6uQWrnQNeI9VKucrHo8bBxrWvefCiCcBooJ6yAxcU0/6WC/ppr3TpU5VIfAeq1jOFx2Y6Dg2Id3QyvN2/eGYyyreq2dnaj9J57Mvv6ayt+vP208PIh6rh3RjHPHEW+/x9tODiGfqWbupnaTzXeaSxCCAWFYPdZmp4yyBLfjS4+nzWyQ2AO8JFm6rh0c8sX3pMfAV7qln5McbpJvGx8o93QPeEyxcUg+PeCJBaRzsj9vA208PIpbVk06nY7GYBCboP3eBdPPHP/1F4rJAPcFCr3qsXnqMPVew0KWe7sM9pJt3P/hEYhBGtKiHdGPJchTwnmDhsHp4xJPjvWckBqHGsnoGBgZqa2slmAjppspLj+E9wcIZ9axo20zSqf5hizjmChbVqod/dpjduEri6oB6gkVV6nk4/gRJx8GHLWLPFSzs5IuyzCOeLGvdKFUgkthRz7/V/Q9JR4IQ4Zr37N27lz5r3bp1Ehuoq6vr6OigqVQgqMCPKaJyPB6nAr3SbFTgmanAtxLwPMnkvZ8ReR5+u3oXh/wRubnG4TLXq5AWRQVapnrKFn0Q11CZubeIPOg9PLfEwCG+//57yurvf/97ie9C2aYVRuuGViGVqaDyX+a16DxMYX3hK0NlJZG8emPBqCTmXimPoo92A0GBVpxT667MorwXB21qZKdsrR5i9HxgEl9YC6mHHFgCT/FcxMECOyZgH6gH2ATSATaBdIBNIB1gE0gH2KSkdIxnrzOGQTPy8MO5GeAJpqRDUJkkQq8sIyoQVGDpcBlECrPSUe6iKqlAMuL6ZDJJ83M9iAglpUOaKCWdntzQT1xQ0sEZ/ahRUjoEiYNgTbBEKCSnIahAYV3uMgAFvwtEBLPrW7kOAAysAtgE0gE2gXSATaxJp76+/qeffpIARBsL0rl+/TodRk2ePFliEG0sSOdXOe67777Dhw9LFYgwZqXT19dHflNbW3v+/HmcwgGENRGQdDx/vCjwCZAOsAmkA2wC6QCbQDrAJtakM3fu3OPHj0sAoo016cS8fgQ/8A+QDrAJpOMkhc9b4TFN4vF4+C7AhXScYXVyS9EBrNSZ9/Cdgod0qqVhSSuJhv+kygApJnyiYSCdauGxFulvSv0iqZoIq4eQOCxAOtXCw7tOndP8/MtvStVdMoZbH1k6YRIQpFMVnXs+JN0cPPQVla9cG+FKBd86wuWoS0ffo/aDCO+qmlYWGZq0FJAOGId0Y3xWtxlYOuE4UId0bPLgQ00kHQkiCaRjh7bntpNu+s9dkDiSQDqWOdV3lnTz7NbXJY4qkI41+CE9dY8skTjCQDrWIN1EvIujgHQswL85jPx4Q+JoY006Tz311O7duyWIGPsOHCLd0KvEkceadF7MIUGUIKch3ZDrSAwgHZOgi1MIpFMZOp4i3dCxlcQgB6RTgY3b3iDdnOo7KzG4C6RTjv5zF0g3bc9tlxgYgHTKQbp58KEmCcBEIJ2S1MxYiK5xGSItnUkGpOouix9/hnRzefiqxKAAa9LZvXv3U089JUEoKBQNcfDQV6Sbnan9EoNiWJNOKpVKJBIShIJCy7l56zbp5uH4ExKDEkA6+Rkg3aCLY4Yi0unJPbqdCpTWTO65+VxPhEw6OceZZLzcc2bDctINzv6ZoYJ06LWuri5XPU74XMfI9h17SDfpY70Sg7JAOuPwk1OIFW2bpQpUItI7LIWSjsTABNaSFVbpTKlfhK6xVSCdn5e1biTdXBockhiYw5p00ul0LBaTIBRQp5h0096JO4QsE2np8O0Ns2IrJAZWiLR0SDfo4tgmutKZ3biKdFM4hBswSUSlw4ObdB++d94BWCWK0uHBTZau2SAxsEUUpUO6sTq4CSgkctLB4CZOYU06x48fnzt3rgQB5Mn120g332UuSQyqwJp0BgYGamtrJQgaJ09/S7opHCwS2CMq0uGzf9Pnt0gMqiYq0iHdoIvjLJGQDg9ugrN/zhJ+6bz3cTfpBoObOE7IpcODmyxoaZMYOEfIpUO6wdk/TYRZOjy4iQTAaaxJhwjKBbzPbn2ddHOm/7zEwGnCKR0e3GTtpnaJgQbCKR3SzdQ5zRIAPYRQOhjcxB3CJp2mletIN4WPpgKOEyrp8OAmf937N4mBTsIjHR7cZF5zaG+J9xvhkQ7pBl0cNwmJdDC4ifuEQTovvfYO6eZ47xmJgSsEXjqZi4OkmzVPb5UYuEXgpUO6wdDGnhBs6WBwEw8JsHR4cJMfhoYlBu4SVOkcOXqCdPPqW+9LDFwnkNLh2xtmN66SGHhBIKVDukEXx3OCJx0e3GR09I7EwCMCJp0db+8j3VBHR2LgHUGSDg9uQgdWEgNPCZJ0SDe4vcE/BEY6GNzEbwRDOjy4SebioMTABwRAOsd7z5BuXnrtHYmBP/C7dPjs38yG5RID3+B36ZBu0MXxJ76WDgY38TPeS4cWyMTjcanK8e4Hn5BuDnR/ITHwGd5Lp6enx/i0NubKtRHSTdPKdRID/+EL6dAy89RDusHZP5/jR9fB4CaBwHvp0AIVFGJwk6BQWQe8RhV5obOQYkg3pB6JgY+poINkMummdEg3tLeSAPibcjro6uqiV9ekg8FNgkVlHbgjnZr/+C0tWdPCgQ4sryoda/dA9xf3/cu/QzrBwnvp8OAmDUtaJQYBwXvpkG7QxQkiHktn+vwW0g0GNwkiXkqHBzc5efpbiUGg8Ew6PLhJ23PbJQZBwzPpkG4wuEmg8UY6OPsXAjyQDg9ucnn4qsQgmLgtHR7cpHPPhxKDwOKqdEZH75BuMLhJOHBVOqQbdHFCg3vS4cFNcPYvNLgkHR7cJH2sV2IQfNyQzg9Dw6SbFW2bJQahwA3pkG6m1C+SAIQF7dLB4CZhRa901jy9lXRzaXBIYhAiNEqHBzdp70xJDMKFLulgcJPQo0s6pBt0ccKNFunMa06QbjC4SbhxXjo8uEn34R6JQUhxWDo8uMnSNRskBuHFYemQbjC4SURwUjpT5zSjaxwdHJPOH//0F9JN/7kLEoOw44x0eHCT519+U2IQAZyRDulm+vwWCUA0cEA6uL0hmlQrncbHkqSbkR9vSAwiQ1XS+ejg56SbfQcOSQyihH3p8OAmC1raOARRw750SDc4+xdlbEqHBzfhGhBN7EjnhVd2km5O9Z2VKmAFSuD+/fslKECZehm6urryBilPJpMdHR0S5MhkMoWPTyhK0Qct5FG0VZal84tf/pp0s3ZTu8TAOg888MB99913/fp1iQ3wSsp7JVkYa5R0KOQalg6XGSrnzUMhl/nJCvSam1Gko0Y5zs0iBdIfvfIbjZOYeyWT0Jsn/+YhXgqohl/96lc3buSf1KD6vNd4PE6yoFdWDK1pJR1etVRg6fBUCgkWBJdpHnoL1VCB6ylUzwHiGl4O1fOieMm8NPUpBBVoqpT5XyE0E72H3wwcpKmpiXKbTqclvguvnsLXPOnQKxeokuB5lHRoEoUEC4IKNAMvgWqozPW8BOOcvByqV5KiGhIAFZR06JU+iMhNLysdelUfAJxi165dUpoI64DXPa0eKhOqUAjNyYW8eXhpRunwDKwPIzwnl/nTWSUE1/MS8qTD5fGQ/xXCc0A6QYR0Q+tb+Uc10HKIojIoJx16DzVCYm3QB7FMvYU3Smwq5vF4nbE0/SAd2k6kBMzh/TojPN/WVb/BBZcNDd5LhzuGPtnoscMyj8fSUZu7xB5BzXCkUxkpfLHDAkEE0gE2gXQAAG4D3wEAuA18BwDgNvAdAIDbWPYdvkhBwb9ESWC4CtEkmbvXGOH3AACig53+Dl+WSEicw6rjKPi3UPgOANHBed8xXlPB3Rm+IKYnd3U++0tuulx8r+anAl9BbdvCAACBQJfvqP4LH5fxZZw8SR1bGSt5fvYdeh1/JwAgpNjxHSLnG/c6JuQdFfs7yl/gOwBEHJu+UwajjwAAQCEO+47qyxC4zwkAUBTn+zsAAFAe+A4AwG30+s6hHBIAAEAOjb6za9cuPtHz5z//WaoAAECf72zevJlNh1m5cqVMAABEHi2+Qy5DXpNIJGpra6mwfv16eq2vrx8bG5M5AAARxnnfOXny5P33388D3rPvDAwMUGVNTU2Zx/0AAKKD3vPKynckBgAA+A4AwH3gOwAAt4HvAADcBr4DAHAbvb4Ti8XIdwqfAA4AiDLwHQCA28B3AABuA98BvuNM//m1m9offKhpLJuVqhLwIHNqrEsew5vgobuBb4HvAF9w5OiJxY8/c//vHlV/G7e9IdNKwy7DA+YqkskkfMfnwHeAxxzvPTOzYbnRcfiPej0yR1nYehQYnDsQwHeA9/Sfu0BHVUbTaVq5TqaVhjo16giLUAdZBLmPer4AATPyG/Ad4DFrnt7KXkPW813mUubiYMOS1o8Ofi6TS8ODeRuth2C7YaNhJ8qbAfgBvb6zePFiWvGffvqpxAAYoCOsmhkL2XSef/lNqTUN+Q77i7FrY3yQCXzHt+j1nUQiQSs+lUpJDECOsWxWnUWePr/l8vBVmeAohb6DAy6fAN8BbtN9uIcdh/4693wotU5j7AQp0PfxCfAd4B43b92e15xgx5nduIpCmQAiBnwHuMS7H3yiujlmThuDEAPfAdq5cm1EXaGzoKWt4lXIIPTAd4Betu/Yw45TM2Nh+liv1IJoA98Burg0ODR1TjObzrLWjVILAHwHaGLtpnZ2nCn1i0ze8QCig17fefHFF8l36FViEAHIZchr2HTIfaQWAAPwHeAkdDzFjkNHWHScJbUATAS+A5whfaxX3fTQ3okja1AO+A6olrFsdkFLGzvOzIblV66NyAQASgDfAVXx0cHP2XHo790PPpFaAMoC3wE2uXnr9uzGVew485oTuOkBmAe+A+zQuedD1c3pPjxhmFEAKgLfAda4PHx1+vwWdpzFjz+Dmx6ADeA7kaauro5WkBoXvaOjQ5WL8sIrO9lxamYsPN57RmoBsIhe30mlUiTrRCIhMfAZyneI8mPTZC4OqiGQ1zy9VWoBsAV8J9KY9J2257az45D19J+7ILUA2MWU7ySTSVInYRwmkpTKlWX0Ct/xOXnHWYWcPP2tuhrQzAOtADCD2f4Ou4zyHfIaCvnpaMb6POA7wWUsm126ZgM7zvT5LT8MDcsEAKrGpu9wD0j5Du02uT4P+E7goPXFTP7N79l0dry9T6YB4BB6+zt/+MMfxiWcQ/2qxT9yMaj0VWUe//lfi0Z+vMGzAeAgpnwnHo+LEg1dG5zfCR/vfdzN65R48eXXpBYApzHb37EHfCcoUL9mVmwFH1gtaGmjtSYTANCAXnn9/e9/JwUvXbpUYuBL2jtT7Dg1MxYeOXpCagHQhl7fSafT5DuxWExi4DN+GBque2QJm86y1o3qpgd19gcAHcB3osuzW19nx5lSv+hU31mpzYHjLKAV+E4U6T93Qd30UHQIZPR3gFbgO5FjdXILO87UOc2Zi4NSC4CLwHciRM83p9VNDy+99o7UFgPHWUAr8J1IMJbNNq1cx44zs2H55eGrMqEE8B2gFfhO+Dl46Ct2HPrbmdovtQB4B3wnzNy8dXtec4Idx9IQyDivDLSi13cGBgbId2prayUGLvLXvX9T3ZwD3V9IrTlwnAW0At8JIZeHr85sWM6O07RynY0hkNHfAVqB74SN7Tv2sOPUzFjY881pqQXAT8B3wkPm4uDUOc1sOquTW6TWFjjOAlqB74SEtZva2XEcGQIZvgO0At8JPKf6zk6pX8Sm8+zW16UWAB8D3wk2y1o3suPUPbLEwSGQcV4ZaAW+E1SOHD2hbnpo70xJrUPgOAtoBb4TPMay2QUtbew4s2IrdAyBjP4O0Ir23Rr5DnaeDrLvwCF2HPp77+NuqQUgUMB3AsPNW7dnN65ix2lY0jo6ekcmaACrDGgFvhMMdry9T3VzPvvya6nVBlYZ0Ap8x+9cHr46fX4LO87SNRts3PQAgN+A7/ia519+kx2nZsbCvCGQtYLzykAr8B2f8l3mkhoCue257VLrFlhlQCvwHT/y5Ppt7DhkPZ4MgYz+DtAKfMdfnDz9rboa8IVXdkotAOFCuyPU1NSQ7/zjH/+QGJRgLJtdumYDO870+S0Vh0DWCnYVQCva5VVbW0siHhgYkBgU47Mvv2bHob/OPR9KrXfAd4BW4Dsec/PW7YYlrew4D8efMD8EMgDBBb7jJe993K26OR8d/FxqfQDOKwOtwHe84cq1kVmxFew4jY8l/XY1II6zgFbgOx7Q3plix6mZsTB9rFdq/QT6O0Ar8B1XuTQ4VPfIEjadFW2bpRaAiAHfcY9nt77OjjOlftGZ/vNS60twnAW0At9xA3IZddPDH//0F6n1MfAdoBXt8orFYiTidDotcfRYndzCjkNHWHScJbUARBj4jkbSx3r1DYGsFZxXBlqB72hhLJttWrmOHWdWbMWVayMyISDgOAtoBb7jPAe6v2DHob93P/hEagMF+jtAK/AdJ7l56/a85gQ7TsOSVtz0AEBR4DuOsTO1X3Vzug/3SG0wwXEW0Ap8xwEuD1+d2bCcHSccQyDDd4BW4DvV8tJr77Dj1MxYeLz3jNQCAErjku8cPnxY4hCRuTg4dU4zm86T67dJbSjAeWWgFe2+k0gkyHdSqSBdvWKGtZva2XEefKip/9wFqQ0LOM4CWoHvjNPT00ONrKurk/jnn+PxuJQKONV3dkr9Ijad519+U2rDBfo7QCvwnXGMvpNMJrmykLFsdlnrRnYcz4dABiC4wHfGMfpOqZ7OkaMn1E0PO97eJ7UhhbIhJQA0AN8Zp/A4i3o9VMnl0dE7C1ra2HFmN66KwtWA8B2gFQfklclkSKb0KvFEgn5eed+BQ+w49EdlqQUAVEG1vtPV1UW2EkrfGfnxBvVu2HGovxOCqwHNg/PKQCtV+Q6fCqHX8PnOjrf3sePUzFh45OgJqY0MtMqkBIAG7MuL7UZhPDliZPPmzTS1vb1d4ty+lN9CqP2qfyo3/N9zUpo06dHF/8szRA2VGQB04MBurXx/hzfpoOj4+ZffzBnOPdTZZQCAU2jvTgfFd/rPXVBDILPjEJE1HfruUgJAA/CdcZ5cv40dZ+qc5szFQa6M8rYH3wFaibrvHO89o64G3L5jj9QCAHQSXd8Zy2aXrtnAjjOzYXnhEMg+76NpJcrfHbhARH2n+3APOw79/XXv36R2IjjOAkATkfOdm7duNyxpZceZ15woc9NDlPf5Uf7uwAWi5TvvfvCJ6uYcPPSV1AIA3EW776RSKfKdRCIhsUdcuTYyK7aCHWfx48+YuekBx1kAaCISvtPemWLHqZmxsOeb01JbCfgOAJoIue9cGhyqe2QJm86ap7dKLQDAU8LsO3/801/YcewNgYzzygBoIpy+c6b/vLrpYeO2N6TWIjjOAkATIfSdFW2b2XHoCOuHoWGptQ76OwBoIlS+kz7Wq256ePWt96UWAOAzQuI7Y9ls42NJdpxZsRUjP96QCVWA4ywANKFdXnv37iURr1y5UmINHOj+gh2H/hwcAhm+A4AmtMsrnU6TiGOxmMSOcvPW7YfjT7DjNCxpHR29IxMAAD4mwL6zM7VfdXN0DIGM88oAaCKQvnN5+Or0+S3sOMtaN2p60gOOswDQRPB856XX3mHHqZmx8FTfWanVAPo7AGgiSL6TuTiorgZcu+neAyoAAMEiML5DRsOOQ9ajhkDWCo6zANBEAHyHDqbU1YB0kCW1+oHvAKAJX/vOWDa7rHUjO870+S2Xh6/KBABAkNHuO+fPnyffmTZtmsSmOXL0BDsO/e1M7ZdaF8F5ZQA0od13BgYGyHdqa2slNsHo6J0FLW3sOA/HnygzBLJWcJwFgCZ85zv7DhxS3ZwD3V9IrRegvwOAJnzkOyM/3pjduIodp2nlOk1XAwIAPMcvvvPqW++z49TMWJg+1iu1noLjLAA04b3v/DA0rIZAXp3cIrU+AL4DgCY89p2N295gx3nwoaYz/eelFgAQajzznf5zF9RND89ufV1q/QTOKwOgCW98Z83TW9lx6Ajr0uCQ1PoMHGcBoAk35EUiVjo+3ntG3fTQ3pniSn+C/g4AmnDPd8ay2cWPP8OOMyu24sq1EZkMgE6Ghoa6urp++uknic3R0dHBulXIBLvwQurq6iQugBrJ89BHS1UJaJ54PC6BE/DnlmmbGejt5pfgku/8cnINOw79vfdxt0zwN1He59Mqk1LwOX/+/Ny5c3Nb1qTGxsa+vj6ZYALakOhdFY3ADGwr5bfMZDLp1MdZoqenp2LbnMUNed336/v/re6/yXH+9bdz/ukX/0zfEABvqamp2bVr19jYmGi0BEbfMW6cXCZyc/1MvQ8OM5kMv4Wgei7TzFQ2+g53pug1b4Nn3yHUcvi9RvLekpt9/LO4DfQpVFbNowUau1FcLuwrFS6TGsBlquR6WpR64/jicvPzAmlmgit5BprE9aWc1I7vqG9VuDgA/Mmnn346bdo01u3y5cupEyQTysLbD+vcuHGqTSA3l2zzPJtx++e3c5k3UX47QRsklfOWY9xKje81kucRvMHTbMY2GBdrnD+vDQo1P0Mh1/P8RngSl+mjeTYiz3cIKlNj+BvRq9TexbLv0LJoQfyRRZcIgK9Yv349CdVkB4fgjc24gXGZNy3eaHlzIsbfYN13lL+oDZsqjfVUNr7XCHsEL8e4tfP8/F6eh+uN8xvbYMQ4j/G9BJepksq0cC4YK5k83+EyVXI2HPAdTo3yncLvAADQh9H+fAW1ipCgEpZ9hzyPlq58p9DJAACayG3a4/AG6BPIBLlVxh5QeSz7DqF6YtypCzoqawR1C6U2qqiVy4RjFQO/Ycd3wgo2M4LthkBPFugDviNgMzPCJxEIdACBDuA7+UcWUgtyP3/AjoEOsJmBCYj75jB/mhAAS8B3AADu8vPP/w+whVH25nr6ygAAAABJRU5ErkJggg==\" data-filename=\"img.png\" style=\"width: 380.99px;\"><br></p><p class=\"Para-1\" align=\"center\" style=\"text-align:center\"><v:shapetype id=\"_x0000_t75\" coordsize=\"21600,21600\" o:spt=\"75\" o:preferrelative=\"t\" path=\"m@4@5l@4@11@9@11@9@5xe\" filled=\"f\" stroked=\"f\">\r\n <v:stroke joinstyle=\"miter\">\r\n <v:formulas>\r\n  <v:f eqn=\"if lineDrawn pixelLineWidth 0\">\r\n  <v:f eqn=\"sum @0 1 0\">\r\n  <v:f eqn=\"sum 0 0 @1\">\r\n  <v:f eqn=\"prod @2 1 2\">\r\n  <v:f eqn=\"prod @3 21600 pixelWidth\">\r\n  <v:f eqn=\"prod @3 21600 pixelHeight\">\r\n  <v:f eqn=\"sum @0 0 1\">\r\n  <v:f eqn=\"prod @6 1 2\">\r\n  <v:f eqn=\"prod @7 21600 pixelWidth\">\r\n  <v:f eqn=\"sum @8 21600 0\">\r\n  <v:f eqn=\"prod @7 21600 pixelHeight\">\r\n  <v:f eqn=\"sum @10 21600 0\">\r\n </v:f></v:f></v:f></v:f></v:f></v:f></v:f></v:f></v:f></v:f></v:f></v:f></v:formulas>\r\n <v:path o:extrusionok=\"f\" gradientshapeok=\"t\" o:connecttype=\"rect\">\r\n <o:lock v:ext=\"edit\" aspectratio=\"t\">\r\n</o:lock></v:path></v:stroke></v:shapetype><v:shape id=\"Picture_x0020_4\" o:spid=\"_x0000_i1025\" type=\"#_x0000_t75\" style=\"width:285.75pt;height:237.75pt;visibility:visible;mso-wrap-style:square\">\r\n <v:imagedata src=\"file:///C:\\Users\\adek\\AppData\\Local\\Temp\\msohtmlclip1\\01\\clip_image001.png\" o:title=\"\">\r\n</v:imagedata></v:shape><span lang=\"IN\"><o:p></o:p></span></p><p>\r\n\r\n\r\n\r\n</p><p class=\"Para-1\"><span lang=\"IN\">&nbsp;&nbsp;&nbsp;&nbsp;&nbsp;&nbsp;&nbsp; Dengan\r\nmenggunakan 2 cara untuk menghitung nilai elastisitas pada suatu kurva,\r\ntentukan berapa nilai elastisitas penawaran dari titik E ke titik F?<o:p></o:p></span></p>',0,0,'Untuk menjawab soal latihan ini, silahkan klik tombol Materi lalu tekan (ctrl+F) lalu cari di halaman 3.49 dengan ketik \"3.49\" pada text pencarian'),(103,17,4,'Latihan 2','<p class=\"Para-1\"><span lang=\"IN\">Terjadinya mobilisasi tenaga kerja yang sangat\r\ncepat menjadikan nilai elastisitas penawaran tenaga kerja di negara A sebesar\r\n1.5, apa implikasi ekonominya?<o:p></o:p></span></p>',0,0,'Untuk menjawab soal latihan ini, silahkan klik tombol Materi lalu tekan (ctrl+F) lalu cari di halaman 3.50 dengan ketik \"3.50\" pada text pencarian'),(104,17,4,'Latihan 2','<p class=\"Para-1\"><span lang=\"IN\">Jika persentase perubahan jumlah tenaga kerja\r\nlebih kecil dibandingkan persentase perubahan upahnya, apa yang terjadi dengan\r\nelastisitas penawaran tenaga kerjanya?<o:p></o:p></span></p>',0,0,'Untuk menjawab soal latihan ini, silahkan klik tombol Materi lalu tekan (ctrl+F) lalu cari di halaman 3.50 dengan ketik \"3.50\" pada text pencarian'),(105,18,1,'Tes Formatif 1','<p class=\"Para-1\"><span lang=\"IN\">Di bawah ini, manakah yang saat ini menjadi\r\nalasan paling penting di dunia, orang-orang bermigrasi dari satu negara ke\r\nnegara lain?</span></p>',2,10,''),(106,18,1,'Tes Formatif 1','<p class=\"Para-1\"><span lang=\"IN\">Penjelasan paling sederhana berdasarkan model\r\nLewis untuk migrasi perkotaan pedesaan adalah ....</span></p>',1,10,''),(107,18,1,'Tes Formatif 1','<p class=\"Para-1\"><span lang=\"IN\">Fenomena migrasi pertama kali dikemukakan Lewis\r\ndan disempurnakan oleh ....</span></p>',1,10,''),(108,18,1,'Tes Formatif 1','<p class=\"Para-1\"><span lang=\"IN\">Jenis- jenis migrasi adalah seperti di bawah ini,\r\n<i>kecuali</i> migran ....</span></p><p>\r\n\r\n\r\n\r\n\r\n\r\n\r\n\r\n\r\n\r\n</p><p class=\"Para-1\"><span lang=\"IN\">&nbsp;</span></p>',4,10,''),(109,18,1,'Tes Formatif 1','<p class=\"Para-1\"><span lang=\"IN\">Menurut Todaro, karakteristik migran (orang)\r\nmemutuskan bermigrasi, selain ekonomi dan pendidikan, adalah ....</span></p>',1,10,''),(110,18,1,'Tes Formatif 1','<p class=\"Para-1\"><i><span lang=\"IN\">Stress-threshold</span></i><span lang=\"IN\">\r\nmodel sering juga disebut sebagai.</span></p>',2,10,''),(111,18,1,'Tes Formatif 1','<p class=\"Para-1\"><span lang=\"IN\">Nilai positif adanya mobilitas tenaga kerja\r\nsecara mikro adalah ....</span></p>',3,10,''),(112,18,1,'Tes Formatif 1','<p class=\"Para-1\"><span lang=\"IN\">Apa yang dimaksud dengan migrasi pada <i>value\r\nexpectacy</i> model? <o:p></o:p></span></p><p class=\"Para-2\"><br></p>',2,10,''),(113,18,1,'Tes Formatif 1','<p class=\"Para-1\"><span lang=\"IN\">Dasar yang dipakai oleh pemerintah memperbolehkan\r\nwarganya menjadi Tenaga Kerja Indonesia (TKI), <i>kecuali</i> ....</span></p>',2,10,''),(114,18,1,'Tes Formatif 1','<p class=\"Para-1\"><span lang=\"IN\">Nilai negatif adanya mobilitas internasional TKI\r\nadalah ....</span></p>',2,10,''),(115,18,2,'Latihan 1','<p class=\"Para-1\"><span lang=\"IN\">Jelaskan fenomena awal terjadinya\r\nmigrasi menurut Lewis?&nbsp;<o:p></o:p></span></p>',0,0,'Untuk menjawab soal latihan ini, silahkan klik tombol Materi lalu tekan (ctrl+F) lalu cari di halaman 4.25 dengan ketik \"4.25\" pada text pencarian'),(116,18,2,'Latihan 1','<p class=\"Para-1\"><span lang=\"IN\">Penyebab migrasi dapat\r\ndikelompokkan menjadi 3. Jelaskan!<o:p></o:p></span></p>',0,0,'Untuk menjawab soal latihan ini, silahkan klik tombol Materi lalu tekan (ctrl+F) lalu cari di halaman 4.25 dengan ketik \"4.25\" pada text pencarian'),(117,18,2,'Latihan 1','<p class=\"Para-1\"><span lang=\"IN\">paya apa saja yang harus\r\ndilakukan supaya tenaga kerja terdidik dan terlatik (<i>skilled labor</i>) tidak banyak ‘mengalir’ ke luar negeri?!<o:p></o:p></span></p>',0,0,'Untuk menjawab soal latihan ini, silahkan klik tombol Materi lalu tekan (ctrl+F) lalu cari di halaman 4.26 dengan ketik \"4.26\" pada text pencarian'),(118,18,2,'Latihan 1','<p class=\"Para-1\"><span lang=\"IN\">Apakah yang menjadi dasar dalam\r\nmodel migrasi Harris-Todaro?<o:p></o:p></span></p>',0,0,'Untuk menjawab soal latihan ini, silahkan klik tombol Materi lalu tekan (ctrl+F) lalu cari di halaman 4.26 dengan ketik \"4.26\" pada text pencarian'),(119,18,2,'Latihan 1','<p class=\"Para-1\"><span lang=\"IN\">Jelaskan tentang studi Migrasi\r\nmenurut Teori Neoklasik !<o:p></o:p></span></p>',0,0,'Untuk menjawab soal latihan ini, silahkan klik tombol Materi lalu tekan (ctrl+F) lalu cari di halaman 4.26 dengan ketik \"4.26\" pada text pencarian'),(120,18,3,'Tes Formatif 2','<p class=\"Para-1\"><span lang=\"IN\">Agen yang menangani keluar masuknya Tenaga Kerja\r\nAsing di suatu negara adalah ....</span></p>',1,10,''),(121,18,3,'Tes Formatif 2','<p class=\"Para-1\"><span lang=\"IN\">Pergerakan Tenaga Kerja untuk melakukan pekerjaan\r\ndi negara lain dalam jangka waktu terbatas merupakan pengertian dari ....</span></p>',2,10,''),(122,18,3,'Tes Formatif 2','<p class=\"Para-1\"><span lang=\"IN\">Efek yang terjadi dari mobilitas tenaga kerja di\r\nnegara berkembang adalah ....</span></p>',3,10,''),(123,18,3,'Tes Formatif 2','<p class=\"Para-1\"><span lang=\"IN\">Bentuk investasi yang dilakukan oleh Remitan di\r\ndaerah/negara asal mereka adalah ....</span></p>',4,10,''),(124,18,3,'Tes Formatif 2','<p class=\"Para-1\"><span lang=\"IN\">Manfaat yang diperoleh daerah asalah migran dari\r\nadanya migrasi adalah ....</span></p>',3,10,''),(125,18,3,'Tes Formatif 2','<p class=\"Para-1\"><span lang=\"IN\">Berikut ini kondisi keuangan yang dapat\r\nmempengaruhi perilaku Migrasi&nbsp;adalah ....</span></p>',4,10,''),(126,18,3,'Tes Formatif 2','<p class=\"Para-1\"><span lang=\"IN\">Suatu proses untuk mempertahankan hidup yang\r\nharus dilihat dalam arti luas adalah pengertian dari ....</span></p>',2,10,''),(127,18,3,'Tes Formatif 2','<p class=\"Para-1\"><span lang=\"IN\">Mereka yang pernah pindah dalam kurun waktu 5\r\ntahun terakhir disebut migrasi\r\n....</span></p>',3,10,''),(128,18,3,'Tes Formatif 2','<p class=\"Para-1\"><span lang=\"IN\">Di bawah ini yang bukan merupakan faktor\r\npendorong adanya urbanisasi ....</span>&nbsp; &nbsp;&nbsp;</p>',4,10,''),(129,18,3,'Tes Formatif 2','<p class=\"Para-1\"><span lang=\"IN\">Mengapa urbanisasi dapat menyiratkan aglomerasi\r\nantara orang dan perusahaan?</span></p>',1,10,''),(130,18,4,'Latihan 2','<p><i><span lang=\"IN\" style=\"font-size:12.0pt;font-family:&quot;Calibri&quot;,&quot;sans-serif&quot;;mso-fareast-font-family:\r\n&quot;Times New Roman&quot;;mso-bidi-font-family:&quot;Times New Roman&quot;;mso-ansi-language:\r\nIN;mso-fareast-language:EN-US;mso-bidi-language:AR-SA\">Apa dampak positif dan\r\ndampak negatif pengiriman tenaga kerja ke luar negeri?</span></i><br></p>',0,0,'Untuk menjawab soal latihan ini, silahkan klik tombol Materi lalu tekan (ctrl+F) lalu cari di halaman 4.52 dengan ketik \"4.52\" pada text pencarian'),(131,18,4,'Latihan 2','<p class=\"Para-1\"><span lang=\"IN\">Upaya apa saja yang diperlukan untuk meningkatkan\r\nkualitas Tenaga Kerja Indonesia? Bagaimana solusi yang dilakukan oleh\r\nPemerintah Indonesia untuk meminimalkan terjadinya ketidakadilan terhadap TKI\r\nkita?<o:p></o:p></span></p>',0,0,'Untuk menjawab soal latihan ini, silahkan klik tombol Materi lalu tekan (ctrl+F) lalu cari di halaman 4.53 dengan ketik \"4.53\" pada text pencarian'),(132,18,4,'Latihan 2','<p><i><span lang=\"IN\" style=\"font-size:12.0pt;font-family:&quot;Calibri&quot;,&quot;sans-serif&quot;;mso-fareast-font-family:\r\n&quot;Times New Roman&quot;;mso-bidi-font-family:&quot;Times New Roman&quot;;mso-ansi-language:\r\nIN;mso-fareast-language:EN-US;mso-bidi-language:AR-SA\">Jelaskan konsekuensi\r\ndistribusi dadi Liberalisasi menurut Model Teoritis!</span></i><br></p>',0,0,'Untuk menjawab soal latihan ini, silahkan klik tombol Materi lalu tekan (ctrl+F) lalu cari di halaman 4.54 dengan ketik \"4.54\" pada text pencarian'),(133,18,4,'Latihan 2','<p class=\"Para-1\"><span lang=\"IN\">Jelaskan pengertian dari Remitan dan manfaat apa\r\nyang diperoleh oleh daerah asal dengan adanya remitansi tersebut?<o:p></o:p></span></p>',0,0,'Untuk menjawab soal latihan ini, silahkan klik tombol Materi lalu tekan (ctrl+F) lalu cari di halaman 4.54 dengan ketik \"4.54\" pada text pencarian'),(134,18,4,'Latihan 2','<p><i><span lang=\"IN\" style=\"font-size:12.0pt;font-family:&quot;Calibri&quot;,&quot;sans-serif&quot;;mso-fareast-font-family:\r\n&quot;Times New Roman&quot;;mso-bidi-font-family:&quot;Times New Roman&quot;;mso-ansi-language:\r\nIN;mso-fareast-language:EN-US;mso-bidi-language:AR-SA\">Sebut dan jelaskan 4\r\nkarakteristik Urbanisasi menurut Todaro!</span></i><br></p>',0,0,'Untuk menjawab soal latihan ini, silahkan klik tombol Materi lalu tekan (ctrl+F) lalu cari di halaman 4.54 dengan ketik \"4.54\" pada text pencarian'),(135,19,1,'Tes Formatif 1','<p class=\"Para-1\"><span lang=\"IN\">Perencanaan tenaga kerja merupakan suatu proses\r\nuntuk menyediakan tenaga kerja yang adekuat. Yang dimaksud dengan adekuat\r\nadalah</span></p>',3,10,''),(136,19,1,'Tes Formatif 1','<p class=\"Para-1\"><span lang=\"IN\">Di bawah ini adalah beberapa faktor yang\r\nmendorong perusahaan menentukan jumlah tenaga kerjanya, <i>kecuali</i> ....</span></p>',3,10,''),(137,19,1,'Tes Formatif 1','<p class=\"Para-1\"><span lang=\"IN\">Mengestimasikan beban pekerjaan yang akan\r\ndihadapi perusahaan dalam periode perencanaan tertentu disebut ....</span></p><p>\r\n\r\n\r\n\r\n\r\n\r\n\r\n\r\n\r\n\r\n\r\n\r\n</p><p class=\"Para-2\"><span lang=\"IN\">&nbsp;</span></p>',1,10,''),(138,19,1,'Tes Formatif 1','<p class=\"Para-1\"><span lang=\"IN\">Analisis permintaan tenaga kerja di tingkat mikro\r\nperusahaan berkaitan erat dengan keputusan-keputusan strategis (internal &amp;\r\neksternal) bawah ini,&nbsp;kecuali\r\n....</span></p>',3,10,''),(139,19,1,'Tes Formatif 1','<p class=\"Para-1\"><span lang=\"IN\">Analisis kesenjangan secara kualitatif dapat\r\ndiatasi oleh produsen dengan&nbsp;cara ....</span></p>',2,10,''),(140,19,1,'Tes Formatif 1','<p class=\"Para-1\"><span lang=\"IN\">Perencanaan ketenagakerjaan di tingkat perusahaan\r\nsangat tergantung kondisi- kondisi seperti di bawah ini, <i>kecuali</i> ....</span></p>',4,10,''),(141,19,1,'Tes Formatif 1','<p class=\"Para-1\"><span lang=\"IN\">Teknik peramalan permintaan untuk menentukan\r\nproyeksi sumber daya manusia adalah sebagai berikut kecuali</span></p>',4,10,''),(142,19,1,'Tes Formatif 1','<p class=\"Para-1\"><span lang=\"IN\">Untuk melakukan perkiraan pasokan tenaga kerja\r\ndapat dilakukan dengan beberapa cara, diantaranya ....</span></p>',4,10,''),(143,19,1,'Tes Formatif 1','<p class=\"Para-1\"><span lang=\"IN\">Kondisi yang dapat mendorong munculnya permintaan\r\ntenaga kerja ada 3, <i>kecuali</i> ....</span></p>',1,10,''),(144,19,1,'Tes Formatif 1','<p class=\"Para-1\"><span lang=\"IN\">Nilai yang dapat digunakan untuk mengukur tingkat\r\nkesehatan suatu perusahaan atau organisasi adalah</span></p>',2,10,''),(145,19,2,'Latihan 1','<p class=\"Para-1\"><span lang=\"IN\">Analisis tenaga kerja dapat dilakukan melalui 2\r\ncara, yaitu ....... dan .......<b><o:p></o:p></b></span></p>',0,0,'Untuk menjawab soal latihan ini, silahkan klik tombol Materi lalu tekan (ctrl+F) lalu cari di halaman 5.23 dengan ketik \"5.23\" pada text pencarian'),(146,19,2,'Latihan 1','<p class=\"Para-1\"><span lang=\"IN\">Manfaat apa yang akan diperoleh dari adanya\r\nperencanaan tenaga kerja <i>(Human Resources\r\nPlanning)</i>! Jelaskan!&nbsp;<b><o:p></o:p></b></span></p>',0,0,'Untuk menjawab soal latihan ini, silahkan klik tombol Materi lalu tekan (ctrl+F) lalu cari di halaman 5.32 dengan ketik \"5.32\" pada text pencarian'),(147,19,2,'Latihan 1','<p class=\"Para-1\"><span lang=\"IN\">Apa yang dimaksud dengan analisis kesenjangan\r\ndalam proses perencanaan tenaga kerja?<b><o:p></o:p></b></span></p>',0,0,'Untuk menjawab soal latihan ini, silahkan klik tombol Materi lalu tekan (ctrl+F) lalu cari di halaman 5.33 dengan ketik \"5.33\" pada text pencarian'),(148,19,2,'Latihan 1','<p class=\"Para-1\"><span lang=\"IN\">Untuk membuat peramalan tenaga kerja di suatu\r\nperusahaan software komputer, diketahui fungsi produksi jangka pendeknya,\r\nsebagai berikut : <b><o:p></o:p></b></span></p><p class=\"Para-1\"><span lang=\"IN\">&nbsp;&nbsp;&nbsp;&nbsp;&nbsp;&nbsp;&nbsp;&nbsp;&nbsp;&nbsp;&nbsp;&nbsp;&nbsp;&nbsp;&nbsp;&nbsp;&nbsp;&nbsp;&nbsp;&nbsp;&nbsp;&nbsp;&nbsp;&nbsp;&nbsp;&nbsp;&nbsp;&nbsp; Q\r\n= TP = 1/3L<sup>3</sup> - 9/2L<sup>2</sup> – 36L <o:p></o:p></span></p><p class=\"Para-1\"><span lang=\"IN\">&nbsp;&nbsp;&nbsp;&nbsp;&nbsp;&nbsp;&nbsp; Dimana\r\n: <b>Q</b> adalah jumlah output (software) dan <b>L </b>adalah tenaga kerja\r\n(programmer computer).<o:p></o:p></span></p><p class=\"Para-1\"><span lang=\"IN\">&nbsp;&nbsp;&nbsp;&nbsp;&nbsp;&nbsp;&nbsp; Ditanyakan\r\n:<o:p></o:p></span></p><p class=\"Para-2\"><span lang=\"IN\">a.&nbsp;&nbsp;&nbsp;&nbsp; Bentuk\r\nfungsi produksi rata- rata (AP<sub>L</sub>)?<o:p></o:p></span></p><p class=\"Para-2\"><span lang=\"IN\">b.&nbsp;&nbsp;&nbsp;&nbsp; Bentuk\r\nfungsi produksi marginal (MP<sub>L</sub>)?<o:p></o:p></span></p><p>\r\n\r\n\r\n\r\n\r\n\r\n\r\n\r\n\r\n\r\n\r\n\r\n</p><p class=\"Para-2\"><span lang=\"IN\">c.&nbsp;&nbsp;&nbsp;&nbsp; Apabila\r\nprodusen menghendaki TP maksimum, tentukan berapa banyak <i>programmer computer</i>\r\nyang dibutuhkan?<o:p></o:p></span></p>',0,0,'Untuk menjawab soal latihan ini, silahkan klik tombol Materi lalu tekan (ctrl+F) lalu cari di halaman 5.33 dengan ketik \"5.33\" pada text pencarian'),(149,19,2,'Latihan 1','<p class=\"Para-1\"><span lang=\"IN\">Sebutkan proses atau langkah- langkah untuk\r\nmelakukan perencanaan tenaga kerja?<o:p></o:p></span></p>',0,0,'Untuk menjawab soal latihan ini, silahkan klik tombol Materi lalu tekan (ctrl+F) lalu cari di halaman 5.34 dengan ketik \"5.34\" pada text pencarian'),(150,19,3,'Tes Formatif 2','<p class=\"Para-1\"><span lang=\"IN\">Undang–undang yang mengatur tentang Tata Cara\r\nMemperoleh Informasi Ketenagakerjaan dan Penyusunan serta Pelaksanaan\r\nPerencanaan Tenaga Kerja adalah ....</span></p>',2,10,''),(151,19,3,'Tes Formatif 2','<p class=\"Para-1\"><span lang=\"IN\">Peraturan Perundang-Undangan di bawah ini\r\nmengatur tentang Rencana Tenaga Kerja Indonesia diatur oleh diantaranya ....</span></p>',1,10,''),(152,19,3,'Tes Formatif 2','<p class=\"Para-1\"><span lang=\"IN\">Informasi-informasi di bawah ini tidak digunakan\r\ndalam membuat perencanaan tenaga kerja, <i>kecuali</i> ....</span></p>',3,10,''),(153,19,3,'Tes Formatif 2','<p class=\"Para-1\"><span lang=\"IN\">Analisis penyerapan tenaga kerja dipergunakan\r\nuntuk mengetahui ....</span></p>',1,10,''),(154,19,3,'Tes Formatif 2','<p class=\"Para-1\"><span lang=\"IN\">Dalam membuat suatu perencanaan persediaan dan\r\nkebutuhan tenaga kerja dengan baik di suatu daerah, maka data pendukung yang\r\ntidak diperlukan adalah proyeksi ....</span></p>',4,10,''),(155,19,3,'Tes Formatif 2','<p class=\"Para-1\"><span lang=\"IN\">Analisis yang digunakan untuk mengetahui seberapa\r\nbesar pengaruh perubahan peningkatan output ekonomi daerah (LPE 1%) terhadap\r\npersentase daya serap tenaga kerja disebut analisis ....</span></p>',2,10,''),(156,19,3,'Tes Formatif 2','<p class=\"Para-1\"><span lang=\"IN\">Tingkat Partisipasi Angkatan Kerja (TPAK) dapat\r\ndiperoleh dengan perbandingan antara jumlah angkatan kerja dengan ....<o:p></o:p></span></p><p class=\"Para-2\"><i><span lang=\"IN\" style=\"font-size:12.0pt;\r\nfont-family:&quot;Calibri&quot;,&quot;sans-serif&quot;;mso-fareast-font-family:&quot;Times New Roman&quot;;\r\nmso-bidi-font-family:&quot;Times New Roman&quot;;mso-ansi-language:IN;mso-fareast-language:\r\nEN-US;mso-bidi-language:AR-SA\">&nbsp; &nbsp; &nbsp;&nbsp;</span></i><br></p>',4,10,''),(157,19,3,'Tes Formatif 2','<p class=\"Para-1\"><i><span lang=\"IN\">Excess supply</span></i><span lang=\"IN\"> dapat\r\nterjadi jika ....</span></p>',2,10,''),(158,19,3,'Tes Formatif 2','<p class=\"Para-1\"><span lang=\"IN\">Perkiraan kebutuhan penduduk yang bekerja dapat\r\ndihitung dengan &nbsp;pendekatan ….</span></p>',3,10,''),(159,19,3,'Tes Formatif 2','<p class=\"Para-1\"><i><span lang=\"IN\">Labor\r\nshortage </span></i><span lang=\"IN\">tidak akan ditandai dengan<i> </i>hal-hal dibawah ini kecuali<o:p></o:p></span></p><p class=\"Para-2\"><br></p>',4,10,''),(160,19,4,'Latihan 2','<p class=\"Para-1\"><span lang=\"IN\">Dalam membuat kebijakan\r\nketenagakerjaan di suatu negara, diperlukan proses perencanaan yang bagus.\r\nAnalisis apa saja yang diperlukan untuk membuat peramalan ketenagakerjaan yang\r\ntepat?&nbsp;<b><o:p></o:p></b></span></p>',0,0,'Untuk menjawab soal latihan ini, silahkan klik tombol Materi lalu tekan (ctrl+F) lalu cari di halaman 5.51 dengan ketik \"5.51\" pada text pencarian'),(161,19,4,'Latihan 2','<p class=\"Para-1\"><span lang=\"IN\">Pembangunan ekonomi suatu negara\r\ndikatakan berhasil jika memiliki sumber daya manusia yang mumpuni untuk\r\nmengelolanya. Oleh karena itu, perencanaan tenaga kerja menjadi penting dan\r\ninti dalam sebuah pertumbuhan ekonomi sebuah negara. Sebutkan alasannya?<b><o:p></o:p></b></span></p>',0,0,'Untuk menjawab soal latihan ini, silahkan klik tombol Materi lalu tekan (ctrl+F) lalu cari di halaman 5.51 dengan ketik \"5.51\" pada text pencarian'),(162,19,4,'Latihan 2','<p class=\"Para-1\"><span lang=\"IN\">Di Indonesia, Perencanaan Tenaga\r\nKerja terbagi menjadi berapa? Sebut dan jelaskan!<b><o:p></o:p></b></span></p>',0,0,'Untuk menjawab soal latihan ini, silahkan klik tombol Materi lalu tekan (ctrl+F) lalu cari di halaman 5.51 dengan ketik \"5.51\" pada text pencarian'),(163,19,4,'Latihan 2','<p class=\"Para-1\"><span lang=\"IN\">Rencana Tenaga Kerja Makro dibuat\r\ndengan melalui beberapa tahapan. Sebutkan!<b><o:p></o:p></b></span></p>',0,0,'Untuk menjawab soal latihan ini, silahkan klik tombol Materi lalu tekan (ctrl+F) lalu cari di halaman 5.52 dengan ketik \"5.52\" pada text pencarian'),(164,19,4,'Latihan 2','<p class=\"Para-1\"><span lang=\"IN\">Saat melakukan analisis neraca\r\ntenaga kerja, kemungkinan- kemungkinan apa yang akan muncul dari hasil analisis\r\ntersebut?<o:p></o:p></span></p>',0,0,'Untuk menjawab soal latihan ini, silahkan klik tombol Materi lalu tekan (ctrl+F) lalu cari di halaman 5.52 dengan ketik \"5.52\" pada text pencarian'),(165,20,1,'Tes Formatif 1','<p class=\"Para-1\"><span lang=\"IN\">Contoh sumber daya alam yang tidak dapat\r\ndiperbaharui adalah ....</span>&nbsp; &nbsp;&nbsp;</p>',2,10,''),(166,20,1,'Tes Formatif 1','<p class=\"Para-1\"><span lang=\"IN\">Bahan dari alam yang dimanfaatkan untuk memenuhi\r\nkebutuhan manusia&nbsp; disebut ....</span></p>',1,10,''),(167,20,1,'Tes Formatif 1','<p class=\"Para-1\"><span lang=\"IN\">Sumber daya alam yang dapat diperbaharui adalah\r\n....</span></p>',3,10,''),(168,20,1,'Tes Formatif 1','<p class=\"Para-1\"><span lang=\"IN\">Sumber Daya Alam sebagai segala isi yang\r\nterkandung dalam biosfer, sebagai sumber energi yang potensial, baik yang\r\ntersembunyi di dalam litosfer (tanah), hidrosfer (air) maupun atmosfer (udara)\r\nyang dapat dimanfaatkan untuk pemenuhan kebutuhan manusia secara langsung\r\nmaupun tidak langsung adalah pengertian dari ....</span></p>',2,10,''),(169,20,1,'Tes Formatif 1','<p class=\"Para-1\"><span lang=\"IN\">Jumlah semua unsur lingkungan yang mungkin\r\nmerupakan sumber daya seandainya dapat diperoleh adalah pengertian dari ....</span></p>',4,10,''),(170,20,1,'Tes Formatif 1','<p class=\"Para-1\"><span lang=\"IN\">Suatu bagian dari persediaan total yang dapat\r\ndiperoleh manusia adalah ....</span></p>',1,10,''),(171,20,1,'Tes Formatif 1','<p class=\"Para-1\"><span lang=\"IN\">Bagian dari sumber daya yang diketahui dengan\r\npasti dapat diperoleh&nbsp;adalah\r\n....</span></p>',2,10,''),(172,20,1,'Tes Formatif 1','<p class=\"Para-1\"><span lang=\"IN\">Sampah yang dapat diuraikan dapat dimanfaatkan\r\nkembali setelah melalui daur ulang adalah ....<o:p></o:p></span></p><p class=\"Para-2\"><br></p>',1,10,''),(173,20,1,'Tes Formatif 1','<p class=\"Para-1\"><span lang=\"IN\">Yang harus dipenuhi untuk terjadinya minyak bumi\r\nadalah adanya ....</span></p>',2,10,''),(174,20,1,'Tes Formatif 1','<p class=\"Para-1\"><span lang=\"IN\">bantuan yang berfungsi sebagai tempat\r\nterakumulasinya minyak bumi. Biasanya batuan yang memiliki sifat poros dan\r\nperbeabel adalah adanya ....</span></p><p>\r\n\r\n\r\n\r\n\r\n\r\n\r\n\r\n\r\n\r\n</p><p class=\"Para-1\"><span lang=\"IN\">&nbsp;</span></p>',1,10,''),(175,20,2,'Latihan 1','<p><i><span lang=\"IN\" style=\"font-size:12.0pt;font-family:&quot;Calibri&quot;,&quot;sans-serif&quot;;mso-fareast-font-family:\r\n&quot;Times New Roman&quot;;mso-bidi-font-family:&quot;Times New Roman&quot;;mso-ansi-language:\r\nIN;mso-fareast-language:EN-US;mso-bidi-language:AR-SA\">Sebutkan dan jelaskan\r\nkelompok sumber daya alam?</span></i><br></p>',0,0,'Untuk menjawab soal latihan ini, silahkan klik tombol Materi lalu tekan (ctrl+F) lalu cari di halaman 6.15 dengan ketik \"6.15\" pada text pencarian'),(176,20,2,'Latihan 1','<p class=\"Para-1\"><span lang=\"IN\">Jelaskan peran dari sumber daya alam?<o:p></o:p></span></p>',0,0,'Untuk menjawab soal latihan ini, silahkan klik tombol Materi lalu tekan (ctrl+F) lalu cari di halaman 6.15 dengan ketik \"6.15\" pada text pencarian'),(177,20,2,'Latihan 1','<p><i><span lang=\"IN\" style=\"font-size:12.0pt;font-family:&quot;Calibri&quot;,&quot;sans-serif&quot;;mso-fareast-font-family:\r\n&quot;Times New Roman&quot;;mso-bidi-font-family:&quot;Times New Roman&quot;;mso-ansi-language:\r\nIN;mso-fareast-language:EN-US;mso-bidi-language:AR-SA\">Apa yang dimaksud dengan\r\nstock resources?</span></i><br></p>',0,0,'Untuk menjawab soal latihan ini, silahkan klik tombol Materi lalu tekan (ctrl+F) lalu cari di halaman 6.15 dengan ketik \"6.15\" pada text pencarian'),(178,20,2,'Latihan 1','<p><i><span lang=\"IN\" style=\"font-size:12.0pt;font-family:&quot;Calibri&quot;,&quot;sans-serif&quot;;mso-fareast-font-family:\r\n&quot;Times New Roman&quot;;mso-bidi-font-family:&quot;Times New Roman&quot;;mso-ansi-language:\r\nIN;mso-fareast-language:EN-US;mso-bidi-language:AR-SA\">Bagaimana upaya untuk menjaga\r\nketersediaan alam yang berkelanjutan?</span></i><br></p>',0,0,'Untuk menjawab soal latihan ini, silahkan klik tombol Materi lalu tekan (ctrl+F) lalu cari di halaman 6.15 dengan ketik \"6.15\" pada text pencarian'),(179,20,2,'Latihan 1','<p class=\"Para-1\"><span lang=\"IN\">Bagaimana cara mengatasi ketergantungan pada\r\nsumberdaya alam yang tak terbarukan?<o:p></o:p></span></p>',0,0,'Untuk menjawab soal latihan ini, silahkan klik tombol Materi lalu tekan (ctrl+F) lalu cari di halaman 6.15 dengan ketik \"6.15\" pada text pencarian'),(180,20,3,'Tes Formatif 2','<p class=\"Para-1\"><span lang=\"IN\">Contoh sumber daya alam yang tidak dapat\r\ndiperbaharui adalah ....</span></p>',2,10,''),(181,20,3,'Tes Formatif 2','<p class=\"Para-1\"><span lang=\"IN\">Bahan dari alam yang dimanfaatkan untuk memenuhi\r\nkebutuhan manusia disebut ....</span></p>',1,10,''),(182,20,3,'Tes Formatif 2','<p class=\"Para-1\"><span lang=\"IN\">Sumber daya alam yang dapat diperbaharui adalah\r\n....</span></p>',3,10,''),(183,20,3,'Tes Formatif 2','<p class=\"Para-1\"><span lang=\"IN\">Pembangunan ekonomi bertujuan untuk membangun\r\nidentitas nasional atau kepribadian bangsa. Definisi pembangunan ekonomi\r\ntersebut dikemukakan oleh ....</span></p>',2,10,''),(184,20,3,'Tes Formatif 2','<p class=\"Para-1\"><span lang=\"IN\">Pertumbuhan ekonomi berkaitan dengan kenaikan\r\noutput, ada 2 sisi yang dapat diperhatikan yaitu ....</span>&nbsp;</p>',1,10,''),(185,20,3,'Tes Formatif 2','<p class=\"Para-1\"><span lang=\"IN\">Menurut teori klasik, pertumbuhan ekonomi\r\ntergantung kepada ....</span></p>',1,10,''),(186,20,3,'Tes Formatif 2','<p class=\"Para-1\"><span lang=\"IN\">Peranan relatif sumber daya alam dalam\r\nperkembangan ekonomi cenderung untuk ....</span></p>',3,10,''),(187,20,3,'Tes Formatif 2','<p class=\"Para-1\"><span lang=\"IN\">Perubahan dalam fungsi produksi sumber daya alam\r\nyang disebabkan oleh ....</span></p>',2,10,''),(188,20,3,'Tes Formatif 2','<p class=\"Para-1\"><span lang=\"IN\">Logam, minyak bumi dan batu bara termasuk dalam\r\nmacam-macam sumber daya alam pada golongan ....</span></p>',2,10,''),(189,20,3,'Tes Formatif 2','<p class=\"Para-1\"><span lang=\"IN\">Udara, energi matahari, dan air hujan termasuk\r\ndalam macam-macam sumber daya alam pada golongan ....</span></p>',1,10,''),(190,20,4,'Latihan 2','<p class=\"Para-1\"><span lang=\"IN\">Pemanfaatan SDA dibagi berdasarkan sifatnya,\r\nyaitu SDA hayati dan nonhayati. Jelaskan!<o:p></o:p></span></p>',0,0,'Untuk menjawab soal latihan ini, silahkan klik tombol Materi lalu tekan (ctrl+F) lalu cari di halaman 6.43 dengan ketik \"6.43\" pada text pencarian'),(191,20,4,'Latihan 2','<p><i><span lang=\"IN\" style=\"font-size:12.0pt;font-family:&quot;Calibri&quot;,&quot;sans-serif&quot;;mso-fareast-font-family:\r\n&quot;Times New Roman&quot;;mso-bidi-font-family:&quot;Times New Roman&quot;;mso-ansi-language:\r\nIN;mso-fareast-language:EN-US;mso-bidi-language:AR-SA\">Fungsi sumber daya alam\r\nhayati terhadap pembangunan ekonomi, adalah?</span></i><br></p>',0,0,'Untuk menjawab soal latihan ini, silahkan klik tombol Materi lalu tekan (ctrl+F) lalu cari di halaman 6.43 dengan ketik \"6.43\" pada text pencarian'),(192,20,4,'Latihan 2','<p class=\"Para-1\"><span lang=\"IN\">Untuk menjaga kelestarian sumber daya, didalam\r\npengelolaan dan pemanfaatan sumber daya alam, dapat menggunakan 3 prinsip.\r\nSebutkan dan jelaskan!<o:p></o:p></span></p>',0,0,'Untuk menjawab soal latihan ini, silahkan klik tombol Materi lalu tekan (ctrl+F) lalu cari di halaman 6.43 dengan ketik \"6.43\" pada text pencarian'),(193,20,4,'Latihan 2','<p class=\"Para-1\"><span lang=\"IN\">Dampak Pembangunan yang tidak terencana dan tidak\r\nmemperhatikan lingkungan hidup adalah?<o:p></o:p></span></p>',0,0,'Untuk menjawab soal latihan ini, silahkan klik tombol Materi lalu tekan (ctrl+F) lalu cari di halaman 6.44 dengan ketik \"6.44\" pada text pencarian'),(194,20,4,'Latihan 2','<p class=\"Para-1\"><span lang=\"IN\">Ceritakan satu isu tentang sumber daya alam\r\nterbaru!<o:p></o:p></span></p>',0,0,'Untuk menjawab soal latihan ini, silahkan klik tombol Materi lalu tekan (ctrl+F) lalu cari di halaman 6.44 dengan ketik \"6.44\" pada text pencarian'),(195,21,1,'Tes Formatif 1','<p class=\"Para-1\"><span lang=\"IN\">Metode penilaian ekonomi terhadap barang\r\nlingkungan yang memiliki kelebihan dapat diterapkan pada kasus-kasus dimana\r\norang tidak sadar terhadap dampak yang diakibatkan oleh polusi adalah ....</span></p>',1,10,''),(196,21,1,'Tes Formatif 1','<p class=\"Para-1\"><span lang=\"IN\">Metode penilaian ekonomi terhadap barang\r\nlingkungan yang memiliki kelebihan hasil perhitungan manfaat berdasarkan\r\ntingkah laku pasar yang di teliti &nbsp;adalah\r\n....</span></p>',2,10,''),(197,21,1,'Tes Formatif 1','<p class=\"Para-1\"><span lang=\"IN\">Manfaat yang tidak terkuantifikasikan dalam\r\nperhitungan menyeluruh terhadap nilai dari sumber daya alam di sebut sebagai\r\nmanfaat fungsi ....</span></p>',2,10,''),(199,21,1,'Tes Formatif 1','<p class=\"Para-1\"><span lang=\"IN\">Metode yang memiliki asumsi bahwa barang pasar\r\nmenyediakan pembeli dan sejumlah jasa yang beberapa diantaranya bisa merupakan\r\nkualitas lingkungan merupakan metode ....</span></p>',3,10,''),(200,21,1,'Tes Formatif 1','<p class=\"Para-1\"><span lang=\"IN\">Kelemahan dari <i>Hedonic Price Method</i> (HPM)\r\nadalah ....</span></p>',2,10,''),(201,21,1,'Tes Formatif 1','<p class=\"Para-1\"><span lang=\"IN\">Metode yang menilai kualitas lingkungan\r\nberdasarkan pada pengeluaran untuk mengurangi atau mengatasi efek negatif dari\r\npolusi adalah metode ....</span></p>',4,10,''),(202,21,1,'Tes Formatif 1','<p class=\"Para-1\"><span lang=\"IN\">Metode yang sangat tergantung pada hipotesis yang\r\nakan dibangun adalah ....</span></p>',2,10,''),(203,21,1,'Tes Formatif 1','<p class=\"Para-1\"><span lang=\"IN\">Pengukuran manfaat yang dihasilkan berdasarkan\r\nkarakteristik pasar yang diselidiki adalah kelebihan dari metode ....</span></p>',4,10,''),(204,21,1,'Tes Formatif 1','<p class=\"Para-1\"><span lang=\"IN\">Yang bukan termasuk Teknik berdasarkan biaya (<i>Cost-based\r\nTechniques</i>) &nbsp;adalah ....</span></p>',4,10,''),(205,21,1,'Tes Formatif 1','<p class=\"Para-1\"><span lang=\"IN\">Tidak mampu mendapatkan pilihan estimasi harga\r\ndengan terdapatnya ketidakpastian adalah kelemahan dari metode…</span></p>',2,10,''),(206,21,2,'Latihan 1','<p><i><span lang=\"IN\" style=\"font-size:12.0pt;font-family:&quot;Calibri&quot;,&quot;sans-serif&quot;;mso-fareast-font-family:\r\n&quot;Times New Roman&quot;;mso-bidi-font-family:&quot;Times New Roman&quot;;mso-ansi-language:\r\nIN;mso-fareast-language:EN-US;mso-bidi-language:AR-SA\">Nilai ekonomi sumber\r\ndaya alam adalah…</span></i><br></p>',0,0,'Untuk menjawab soal latihan ini, silahkan klik tombol Materi lalu tekan (ctrl+F) lalu cari di halaman 7.27 dengan ketik \"7.27\" pada text pencarian'),(207,21,2,'Latihan 1','<p class=\"Para-1\"><span lang=\"IN\">Berdasarkan Peraturan Pemerintah Republik\r\nIndonesia No. 27 Tahun 1999&nbsp;<o:p></o:p></span></p>',0,0,'Untuk menjawab soal latihan ini, silahkan klik tombol Materi lalu tekan (ctrl+F) lalu cari di halaman 7.27 dengan ketik \"7.27\" pada text pencarian'),(208,21,2,'Latihan 1','<p class=\"Para-1\"><span lang=\"IN\">kriteria penting dalam usaha kegiatan terhadap\r\nlingkungan hidup adalah…<o:p></o:p></span></p>',0,0,'Untuk menjawab soal latihan ini, silahkan klik tombol Materi lalu tekan (ctrl+F) lalu cari di halaman 7.27 dengan ketik \"7.27\" pada text pencarian'),(209,21,2,'Latihan 1','<p class=\"Para-1\"><span lang=\"IN\">Kelemahan <i>Contingent Valuation Method</i>\r\n(CVM) adalah…<o:p></o:p></span></p>',0,0,'Untuk menjawab soal latihan ini, silahkan klik tombol Materi lalu tekan (ctrl+F) lalu cari di halaman 7.27 dengan ketik \"7.27\" pada text pencarian'),(210,21,2,'Latihan 1','<p class=\"Para-1\"><span lang=\"IN\">Faktor–faktor yang Mempengaruhi <i>Willingness to\r\nPay</i> adalah…<o:p></o:p></span></p>',0,0,'Untuk menjawab soal latihan ini, silahkan klik tombol Materi lalu tekan (ctrl+F) lalu cari di halaman 7.27 dengan ketik \"7.27\" pada text pencarian'),(211,21,2,'Latihan 1','<p class=\"Para-1\"><span lang=\"IN\">Kelebihan <i>The Averting Behaviour Method</i>\r\n(ABM) adalah…<o:p></o:p></span></p>',0,0,'Untuk menjawab soal latihan ini, silahkan klik tombol Materi lalu tekan (ctrl+F) lalu cari di halaman 7.27 dengan ketik \"7.27\" pada text pencarian'),(212,21,3,'Tes Formatif 2','<p class=\"Para-1\"><span lang=\"IN\">Jasa penyediaan yang dimaksud disini yakni\r\npenyediaan sumber daya alam berupa sumber materi makanan, obat-obatan alamiah,\r\nsumber daya genetik, kayu bakar, serat, air, mineral dan lain-lain jasa ....</span></p>',1,10,''),(213,21,3,'Tes Formatif 2','<p class=\"Para-1\"><span lang=\"IN\">Jasa cultural yang dimaksud disini yakni jasa\r\nlingkungan sebagai identitas dan keragamana budaya, nilai-nilai religious dan\r\nspiritual, pengetahuan, inspirasi, nilai estetika, kekerabatan sosial,\r\nrekreasi, dan lain-lain jasa ....</span></p>',3,10,''),(214,21,3,'Tes Formatif 2','<p class=\"Para-1\"><span lang=\"IN\">Sumber daya alam yang tidak cepat habis termasuk\r\ndalam nilai sumber daya alam sumber daya alam ....</span></p>',2,10,''),(215,21,3,'Tes Formatif 2','<p class=\"Para-1\"><span lang=\"IN\">Yang termasuk sumber daya alam yang tidak cepat\r\nhabis adalah ....</span></p>',2,10,''),(216,21,3,'Tes Formatif 2','<p class=\"Para-1\"><span lang=\"IN\">Yang termasuk sumber daya alam non ekonomis\r\nadalah ....</span></p>',2,10,''),(217,21,3,'Tes Formatif 2','<p class=\"Para-1\"><span lang=\"IN\">Faktor-faktor lingkungan yang menyebabkan banjir,\r\n<i>kecuali</i> ....</span></p>',1,10,''),(218,21,3,'Tes Formatif 2','<p class=\"Para-1\"><span lang=\"IN\">Bentuk-bentuk kerusakan sumber daya alam di\r\nIndonesia yang sering terjadi adalah ....</span></p>',1,10,''),(219,21,3,'Tes Formatif 2','<p class=\"Para-1\"><span lang=\"IN\">Usaha-usaha untuk pemusnahan sampah, <i>kecuali</i>\r\n....</span></p>',4,10,''),(220,21,3,'Tes Formatif 2','<p class=\"Para-1\"><span lang=\"IN\">Kerusakan yang disebabkan oleh angin topan adalah\r\n....</span></p>',2,10,''),(221,21,3,'Tes Formatif 2','<p class=\"Para-1\"><span lang=\"IN\">Beberapa kerusakan akibat musim kemarau, adalah\r\n....</span></p>',3,10,''),(222,21,4,'Latihan 2','<p class=\"Para-1\"><span lang=\"IN\">Apa yang dimaksud dengan keberlanjutan\r\npembangunan lingkungan…<o:p></o:p></span></p>',0,0,'Untuk menjawab soal latihan ini, silahkan klik tombol Materi lalu tekan (ctrl+F) lalu cari di halaman 7.43 dengan ketik \"7.43\" pada text pencarian'),(223,21,4,'Latihan 2','<p class=\"Para-1\"><span lang=\"IN\">Daya atau nilai pakai sumber daya alam di bagi\r\nmenjadi 2, sebutkan dan jelaskan!<o:p></o:p></span></p>',0,0,'Untuk menjawab soal latihan ini, silahkan klik tombol Materi lalu tekan (ctrl+F) lalu cari di halaman 7.43 dengan ketik \"7.43\" pada text pencarian'),(224,21,4,'Latihan 2','<p class=\"Para-1\"><span lang=\"IN\">Usaha-usaha untuk menjaga sumber daya alam\r\nadalah…<o:p></o:p></span></p>',0,0,'Untuk menjawab soal latihan ini, silahkan klik tombol Materi lalu tekan (ctrl+F) lalu cari di halaman 7.43 dengan ketik \"7.43\" pada text pencarian'),(225,21,4,'Latihan 2','<p class=\"Para-1\"><span lang=\"IN\">Hambatan umum yang dihadapi Indonesia dalam\r\npengelolaan dan pemanfaatan sumber daya alam<o:p></o:p></span></p>',0,0,'Untuk menjawab soal latihan ini, silahkan klik tombol Materi lalu tekan (ctrl+F) lalu cari di halaman 7.43 dengan ketik \"7.43\" pada text pencarian'),(226,21,4,'Latihan 2','<p class=\"Para-1\"><span lang=\"IN\">Bentuk kerusakan sumber daya alam di Indonesia\r\nadalah…<o:p></o:p></span></p>',0,0,'Untuk menjawab soal latihan ini, silahkan klik tombol Materi lalu tekan (ctrl+F) lalu cari di halaman 7.43 dengan ketik \"7.43\" pada text pencarian'),(227,22,1,'Tes Formatif 1','<p class=\"Para-1\"><span lang=\"IN\">Dua fungsi sumber daya alam adalah ....</span></p>',1,10,''),(228,22,1,'Tes Formatif 1','<p class=\"Para-1\"><span lang=\"IN\">Peraturan yang mengatur kebijakan dalam\r\npengelolaan sumber daya alam&nbsp;yaitu ....</span></p>',3,10,''),(229,22,1,'Tes Formatif 1','<p class=\"Para-1\"><span lang=\"IN\">1) Pembatasan penggunaan pestisida.<o:p></o:p></span></p><p class=\"Para-2\"><span lang=\"IN\">2) Membuat terasering pada lahan miring.<o:p></o:p></span></p><p class=\"Para-2\"><span lang=\"IN\">3) Menggunakan bahan bakar yang ramah lingkungan.<o:p></o:p></span></p><p class=\"Para-2\"><span lang=\"IN\">4) Menggunakan pupuk alami atau organik.<o:p></o:p></span></p><p class=\"Para-2\"><span lang=\"IN\">5) Mengurangi eksploitasi yang berlebihan\r\nterhadap alam.<o:p></o:p></span></p><p class=\"Para-2\"><span lang=\"IN\">6) Pemanfaatan sumber daya alam sesuai dengan\r\nlingkungan.<o:p></o:p></span></p><p class=\"Para-1\"><span lang=\"IN\">&nbsp;&nbsp;&nbsp;&nbsp;&nbsp;&nbsp;&nbsp; Pernyataan\r\ndi atas, manakah yang menjadi contoh dari pengelolaan sumber daya alam\r\nberkelanjutan?</span></p>',2,10,''),(230,22,1,'Tes Formatif 1','<p class=\"Para-1\"><span lang=\"IN\">Menggunakan sumber daya alam dengan tidak\r\nberlebihan dan disesuaikan dengan kebutuhan rakyat adalah pengelolaan sumber\r\ndaya alam dengan prinsip ....</span>&nbsp; &nbsp;</p>',4,10,''),(231,22,1,'Tes Formatif 1','<p class=\"Para-1\"><span lang=\"IN\">Salah satu panca usaha tani yang dilakukan untuk\r\nintensifikasi pertanian adalah\r\n....</span></p>',4,10,''),(232,22,1,'Tes Formatif 1','<p class=\"Para-1\"><span lang=\"IN\">Usaha untuk menghasilkan aneka ragam jenis\r\ntanaman pada suatu lahan pertanian disebut ....</span></p>',1,10,''),(233,22,1,'Tes Formatif 1','<p class=\"Para-1\"><span lang=\"IN\">1) &nbsp;&nbsp;&nbsp; Keseimbangan ekosistem rusak.<o:p></o:p></span></p><p class=\"Para-2\"><span lang=\"IN\">2) &nbsp;&nbsp;&nbsp; Tanah\r\ndan tanaman hasil pertanian mengandung residu<o:p></o:p></span></p><p class=\"Para-2\"><span lang=\"IN\">3) &nbsp;&nbsp;&nbsp; Kekurangan\r\nbahan pangan dapat diatasi.<o:p></o:p></span></p><p class=\"Para-2\"><span lang=\"IN\">4) &nbsp;&nbsp;&nbsp; Masyarakat\r\ndapat menikmati hasil yang lebih.<o:p></o:p></span></p><p class=\"Para-2\"><span lang=\"IN\">Yang termasuk dampak positif dari revolusi hijau\r\nditunjukkan oleh nomor?</span></p>',4,10,''),(234,22,1,'Tes Formatif 1','<p class=\"Para-1\"><span lang=\"IN\">Tujuan dilaksanakannya revolusi hijau adalah untuk\r\n....</span></p>',2,10,''),(235,22,1,'Tes Formatif 1','<p class=\"Para-1\"><span lang=\"IN\">Perpaduan seluruh komponen teknologi usaha tani\r\nlahan sawah yang sinergis yang bertujuan untuk mengoptimalkan produktivitas\r\nadalah pengertian dari ....</span></p>',1,10,''),(236,22,1,'Tes Formatif 1','<p class=\"Para-1\"><span lang=\"IN\">Revolusi hijau terkadang membawa dampak yang\r\nnegatif, dari pernyataan di bawah manakah perubahan perilaku bertani ke arah negatif?</span></p>',3,10,''),(237,22,2,'Latihan 1','<p class=\"Para-1\"><span lang=\"IN\">Sebut dan jelaskan cara untuk melakukan pengelolaan\r\nsumber daya alam!<o:p></o:p></span></p>',0,0,'Untuk menjawab soal latihan ini, silahkan klik tombol Materi lalu tekan (ctrl+F) lalu cari di halaman 8.24 dengan ketik \"8.24\" pada text pencarian'),(238,22,2,'Latihan 1','<p class=\"Para-1\"><span lang=\"IN\">Jelaskan konsep-konsep dalam prinsip lestari!<o:p></o:p></span></p>',0,0,'Untuk menjawab soal latihan ini, silahkan klik tombol Materi lalu tekan (ctrl+F) lalu cari di halaman 8.24 dengan ketik \"8.24\" pada text pencarian'),(239,22,2,'Latihan 1','<p><i><span lang=\"IN\" style=\"font-size:12.0pt;font-family:&quot;Calibri&quot;,&quot;sans-serif&quot;;mso-fareast-font-family:\r\n&quot;Times New Roman&quot;;mso-bidi-font-family:&quot;Times New Roman&quot;;mso-ansi-language:\r\nIN;mso-fareast-language:EN-US;mso-bidi-language:AR-SA\">Apa yang dimaksud dengan\r\nrevolusi hijau?</span></i><br></p>',0,0,'Untuk menjawab soal latihan ini, silahkan klik tombol Materi lalu tekan (ctrl+F) lalu cari di halaman 8.24 dengan ketik \"8.24\" pada text pencarian'),(240,22,2,'Latihan 1','<p class=\"Para-1\"><span lang=\"IN\">Apa yang mendasari revolusi hijau muncul?<o:p></o:p></span></p>',0,0,'Untuk menjawab soal latihan ini, silahkan klik tombol Materi lalu tekan (ctrl+F) lalu cari di halaman 8.24 dengan ketik \"8.24\" pada text pencarian'),(241,22,2,'Latihan 1','<p class=\"Para-1\"><span lang=\"IN\">Sebutkan dampak positif dan dampak negatif\r\npenerapan revolusi hijau!<o:p></o:p></span></p>',0,0,'Untuk menjawab soal latihan ini, silahkan klik tombol Materi lalu tekan (ctrl+F) lalu cari di halaman 8.24 dengan ketik \"8.24\" pada text pencarian'),(242,22,3,'Tes Formatif 2','<p class=\"Para-1\"><span lang=\"IN\">Lembaga internasional yang gencar menggiatkan\r\nekonomi hijau adalah ....</span></p>',1,10,''),(243,22,3,'Tes Formatif 2','<p class=\"Para-1\" style=\"margin-left:2.0cm;text-indent:-2.0cm;tab-stops:1.0cm 2.0cm\"><span lang=\"IN\">1) &nbsp;&nbsp;&nbsp; peningkatan kuantitas dan\r\nkualitas lapangan pekerjaan pada sektor hijau.<o:p></o:p></span></p><p class=\"Para-2\"><span lang=\"IN\">2) &nbsp;&nbsp;&nbsp; penurunan\r\nkonsumsi yang menghasilkan sampah.<o:p></o:p></span></p><p class=\"Para-2\"><span lang=\"IN\">3) &nbsp;&nbsp;&nbsp; penangkapan\r\nekosistem laut yang melebihi daya tumbuh.<o:p></o:p></span></p><p class=\"Para-2\"><span lang=\"IN\">4) &nbsp;&nbsp;&nbsp; berkurangnya\r\nsumber daya alam untuk kepentingan ekonomi.<o:p></o:p></span></p><p class=\"Para-2\"><span lang=\"IN\">5) &nbsp;&nbsp;&nbsp; semakin\r\ntersedia tenaga terdidik yang memerlukan jenis pekerjaan.<o:p></o:p></span></p><p class=\"Para-2\"><span lang=\"IN\">6) &nbsp;&nbsp;&nbsp; peningkatan\r\ninvestasi hijau.<o:p></o:p></span></p><p class=\"Para-2\"><span lang=\"IN\">&nbsp;</span></p><p class=\"Para-2\"><span lang=\"IN\">Pernyataan di atas yang merupakan ciri-ciri\r\nekonomi hijau?</span></p><p>\r\n\r\n\r\n\r\n\r\n\r\n\r\n\r\n\r\n\r\n\r\n\r\n\r\n\r\n\r\n\r\n\r\n\r\n\r\n\r\n\r\n\r\n\r\n\r\n</p><p class=\"Para-1\"><span lang=\"IN\">&nbsp;</span></p>',4,10,''),(244,22,3,'Tes Formatif 2','<p class=\"Para-1\"><span lang=\"IN\">Kontribusi hutan dalam perubahan iklim dapat\r\ndilakukan dengan cara hutan dalam ....</span></p>',2,10,''),(245,22,3,'Tes Formatif 2','<p class=\"Para-1\"><span lang=\"IN\">Ekonomi yang proses bahan baku serta proses\r\nproduksinya berasal dari alam semesta dan mengikuti cara kerja alam adalah\r\nekonomi ....</span></p>',1,10,''),(246,22,3,'Tes Formatif 2','<p class=\"Para-1\"><span lang=\"IN\">Efisien dalam pemanfaatan sumber daya yang\r\ndisediakan alam, tidak mengurangi namun harus tetap memperkaya sumber daya alam\r\nadalah artian dari prinsip ekonomi biru ....</span></p>',2,10,''),(247,22,3,'Tes Formatif 2','<p class=\"Para-1\"><span lang=\"IN\">Yang bukan termasuk strategi pembangunan pada\r\nekonomi biru adalah ....</span></p>',1,10,''),(248,22,3,'Tes Formatif 2','<p class=\"Para-1\"><span lang=\"IN\">Orang yang pertama kali memprakarsai ekonomi biru\r\nadalah ....</span></p>',3,10,''),(249,22,3,'Tes Formatif 2','<p class=\"Para-1\"><span lang=\"IN\">Yang merupakan aspek pendekatan dalam ekonomi\r\nbiru yaitu ....</span></p>',2,10,''),(250,22,3,'Tes Formatif 2','<p class=\"Para-1\"><span lang=\"IN\">Upaya untuk melestarikan laut dan pantai, dapat\r\ndilakukan dengan beberapa cara, <i>kecuali</i> ....</span></p>',1,10,''),(251,22,3,'Tes Formatif 2','<p class=\"Para-1\"><span lang=\"IN\">Upaya yang dapat dilakukan untuk membuat udara\r\ntetap layak dihirup&nbsp;adalah ....</span></p>',1,10,''),(252,22,4,'Latihan 2','<p class=\"Para-1\"><span lang=\"IN\">Apa yang dimaksud dengan ekonomi hijau?<o:p></o:p></span></p>',0,0,'Untuk menjawab soal latihan ini, silahkan klik tombol Materi lalu tekan (ctrl+F) lalu cari di halaman 8.55 dengan ketik \"8.55\" pada text pencarian'),(253,22,4,'Latihan 2','<p class=\"Para-1\"><span lang=\"IN\">Apa yang dimaksud dengan ekonomi biru?<o:p></o:p></span></p>',0,0,'Untuk menjawab soal latihan ini, silahkan klik tombol Materi lalu tekan (ctrl+F) lalu cari di halaman 8.55 dengan ketik \"8.55\" pada text pencarian'),(254,22,4,'Latihan 2','<p><i><span lang=\"IN\" style=\"font-size:12.0pt;font-family:&quot;Calibri&quot;,&quot;sans-serif&quot;;mso-fareast-font-family:\r\n&quot;Times New Roman&quot;;mso-bidi-font-family:&quot;Times New Roman&quot;;mso-ansi-language:\r\nIN;mso-fareast-language:EN-US;mso-bidi-language:AR-SA\">Apa saja permasalahan\r\npengelolaan sumber daya alam yang sedang kita alami?</span></i><br></p>',0,0,'Untuk menjawab soal latihan ini, silahkan klik tombol Materi lalu tekan (ctrl+F) lalu cari di halaman 8.56 dengan ketik \"8.56\" pada text pencarian'),(255,22,4,'Latihan 2','<p class=\"Para-1\"><span lang=\"IN\">Sebut dan jelaskan prinsip-prinsip dari ekonomi\r\nbiru!<o:p></o:p></span></p>',0,0,'Untuk menjawab soal latihan ini, silahkan klik tombol Materi lalu tekan (ctrl+F) lalu cari di halaman 8.56 dengan ketik \"8.56\" pada text pencarian'),(256,22,4,'Latihan 2','<p><i><span lang=\"IN\" style=\"font-size:12.0pt;font-family:&quot;Calibri&quot;,&quot;sans-serif&quot;;mso-fareast-font-family:\r\n&quot;Times New Roman&quot;;mso-bidi-font-family:&quot;Times New Roman&quot;;mso-ansi-language:\r\nIN;mso-fareast-language:EN-US;mso-bidi-language:AR-SA\">Apa saja perbedaan\r\nantara ekonomi hijau dan ekonomi biru?</span></i><br></p>',0,0,'Untuk menjawab soal latihan ini, silahkan klik tombol Materi lalu tekan (ctrl+F) lalu cari di halaman 8.56 dengan ketik \"8.56\" pada text pencarian'),(257,23,1,'Tes Formatif 1','<p class=\"Para-1\"><span lang=\"IN\">Berikut yang bukan termasuk masalah lingkungan\r\nhidup yang sedang dihadapi saat ini adalah ....</span></p>',4,10,''),(258,23,1,'Tes Formatif 1','<p class=\"Para-1\"><span lang=\"IN\">Apa kepanjangan dari AMDAL?</span></p>',2,10,''),(259,23,1,'Tes Formatif 1','<p class=\"Para-1\"><span lang=\"IN\">Secara garis besar proses AMDAL mencakup\r\nlangkah-langkah sebagai berikut, <i>kecuali</i> ....</span></p>',1,10,''),(260,23,1,'Tes Formatif 1','<p class=\"Para-1\"><span lang=\"IN\">Tujuan AMDAL secara umum adalah ....</span></p>',2,10,''),(261,23,1,'Tes Formatif 1','<p class=\"Para-1\"><span lang=\"IN\">Di Indonesia, kajian AMDAL dalam praktiknya\r\nterbagi atas penyusunan empat dokumen, <i>kecuali</i> ....</span>&nbsp;</p>',4,10,''),(262,23,1,'Tes Formatif 1','<p class=\"Para-1\"><span lang=\"IN\">Dasar hukum pelaksanaan AMDAL adalah ....</span></p>',4,10,''),(263,23,1,'Tes Formatif 1','<p class=\"Para-1\"><span lang=\"IN\">Yang bukan merupakan tujuan dan sasaran AMDAL\r\nadalah ....</span></p>',4,10,''),(264,23,1,'Tes Formatif 1','<p class=\"Para-1\"><span lang=\"IN\">Pihak-pihak yang terkait dalam penyusunan AMDAL,\r\nantara lain ....</span></p>',4,10,''),(265,23,1,'Tes Formatif 1','<p class=\"Para-1\"><span lang=\"IN\">1) &nbsp;&nbsp;&nbsp; Menggunakan pendekatan integratif<o:p></o:p></span></p><p class=\"Para-2\"><span lang=\"IN\">2) &nbsp;&nbsp;&nbsp; Menggunakan\r\npandangan jangka panjang<o:p></o:p></span></p><p class=\"Para-2\"><span lang=\"IN\">3) &nbsp;&nbsp;&nbsp; Menjamin\r\npemerataan dan keadilan<o:p></o:p></span></p><p class=\"Para-2\"><span lang=\"IN\">4) &nbsp;&nbsp;&nbsp; Menghargai\r\nkeanekaragaman hayati<o:p></o:p></span></p><p class=\"Para-2\"><span lang=\"IN\">Yang termasuk ciri-ciri pembangunan berwawasan\r\nlingkungan adalah ....</span></p>',4,10,''),(266,23,1,'Tes Formatif 1','<p class=\"Para-1\"><span lang=\"IN\">Berikut ini yang bukan merupakan dampak pemanasan\r\nglobal adalah ....</span></p>',3,10,''),(267,23,2,'Latihan 1','<p class=\"Para-1\"><span lang=\"IN\">Apa yang dimaksud dengan AMDAL?<o:p></o:p></span></p>',0,0,'Untuk menjawab soal latihan ini, silahkan klik tombol Materi lalu tekan (ctrl+F) lalu cari di halaman 9.15 dengan ketik \"9.15\" pada text pencarian'),(268,23,2,'Latihan 1','<p class=\"Para-1\"><span lang=\"IN\">Apa tujuan diadakan AMDAL?<o:p></o:p></span></p>',0,0,'Untuk menjawab soal latihan ini, silahkan klik tombol Materi lalu tekan (ctrl+F) lalu cari di halaman 9.15 dengan ketik \"9.15\" pada text pencarian'),(269,23,2,'Latihan 1','<p class=\"Para-1\"><span lang=\"IN\">Sebut dan jelaskan komponen-komponen AMDAL!<o:p></o:p></span></p>',0,0,'Untuk menjawab soal latihan ini, silahkan klik tombol Materi lalu tekan (ctrl+F) lalu cari di halaman 9.15 dengan ketik \"9.15\" pada text pencarian'),(270,23,2,'Latihan 1','<p><i><span lang=\"IN\" style=\"font-size:12.0pt;font-family:&quot;Calibri&quot;,&quot;sans-serif&quot;;mso-fareast-font-family:\r\n&quot;Times New Roman&quot;;mso-bidi-font-family:&quot;Times New Roman&quot;;mso-ansi-language:\r\nIN;mso-fareast-language:EN-US;mso-bidi-language:AR-SA\">Sebutkan manfaat AMDAL\r\nbagi pemerintah dan bagi para pelaku usaha!</span></i><br></p>',0,0,'Untuk menjawab soal latihan ini, silahkan klik tombol Materi lalu tekan (ctrl+F) lalu cari di halaman 9.15 dengan ketik \"9.15\" pada text pencarian'),(271,23,2,'Latihan 1','<p class=\"Para-1\"><span lang=\"IN\">Sebut dan jelaskan jenis-jenis AMDAL!<o:p></o:p></span></p>',0,0,'Untuk menjawab soal latihan ini, silahkan klik tombol Materi lalu tekan (ctrl+F) lalu cari di halaman 9.15 dengan ketik \"9.15\" pada text pencarian'),(272,23,3,'Tes Formatif 2','<p class=\"Para-1\"><span lang=\"IN\">AMDAL pertama kali diperkenalkan di negara ....</span></p>',1,10,''),(273,23,3,'Tes Formatif 2','<p class=\"Para-1\"><span lang=\"IN\">Undang-undang yang membahas mengenai perlindungan\r\ndan pengellaan lingkungan hidup adalah…</span></p>',3,10,''),(274,23,3,'Tes Formatif 2','<p class=\"Para-1\"><span lang=\"IN\">Peraturan presiden yang membahas analisis\r\nmengenai dampak lingkungan hidup adalah ....</span></p>',3,10,''),(275,23,3,'Tes Formatif 2','<p class=\"Para-1\"><span lang=\"IN\">Suatu dokumen yang berisi tentang ruang lingkup\r\nserta kedalaman kajian AMDAL disebut sebagai dokumen ....</span></p>',1,10,''),(276,23,3,'Tes Formatif 2','<p class=\"Para-1\"><span lang=\"IN\">Mengendalikan dan menanggulangi dampak penting\r\nlingkungan hidup yang bersifat negatif serta memaksimalkan dampak positif yang\r\nterjadi akibat suatu kegiatan disebut sebagai dokumen ....</span></p>',2,10,''),(277,23,3,'Tes Formatif 2','<p class=\"Para-1\"><span lang=\"IN\">Untuk mengukur atau menentukan dampak besar dan\r\npenting tersebut di antaranya digunakan kriteria, <i>kecuali</i> ....</span></p>',3,10,''),(278,23,3,'Tes Formatif 2','<p class=\"Para-1\"><span lang=\"IN\">Usaha atau kegiatan yang kemungkinan dapat\r\nmenimbulkan dampak besar dan penting terhadap lingkungan hidup meliputi ....</span></p>',1,10,''),(279,23,3,'Tes Formatif 2','<p class=\"Para-1\"><span lang=\"IN\">Tujuan secara umum AMDAL adalah ....</span></p>',2,10,''),(280,23,3,'Tes Formatif 2','<p class=\"Para-1\"><span lang=\"IN\">Komponen AMDAL meliputi ....</span></p>',1,10,''),(281,23,3,'Tes Formatif 2','<p class=\"Para-1\"><span lang=\"IN\">Kepanjangan dari KAANDAL adalah ....</span></p>',2,10,''),(282,23,4,'Latihan 2','<p class=\"Para-1\"><span lang=\"IN\">Bagaimana cara penggunaan sumber daya alam oleh\r\nmanusia yang dapat dipertanggungjawabkan?<o:p></o:p></span></p>',0,0,'Untuk menjawab soal latihan ini, silahkan klik tombol Materi lalu tekan (ctrl+F) lalu cari di halaman 9.49 dengan ketik \"9.49\" pada text pencarian'),(283,23,4,'Latihan 2','<p class=\"Para-1\"><span lang=\"IN\">Berikan contoh nyata pembangunan yang sudah\r\nberwawasan lingkungan, jelaskan pula alasan anda<o:p></o:p></span></p>',0,0,'Untuk menjawab soal latihan ini, silahkan klik tombol Materi lalu tekan (ctrl+F) lalu cari di halaman 9.49 dengan ketik \"9.49\" pada text pencarian'),(284,23,4,'Latihan 2','<p class=\"Para-1\"><span lang=\"IN\">Sebutkan dan jelaskan bentuk hasil kajian AMDAL\r\nberupa dokumen AMDAL yang terdiri dari lima dokumen?<o:p></o:p></span></p>',0,0,'Untuk menjawab soal latihan ini, silahkan klik tombol Materi lalu tekan (ctrl+F) lalu cari di halaman 9.49 dengan ketik \"9.49\" pada text pencarian'),(285,23,4,'Latihan 2','<p><i><span lang=\"IN\" style=\"font-size:12.0pt;font-family:&quot;Calibri&quot;,&quot;sans-serif&quot;;mso-fareast-font-family:\r\n&quot;Times New Roman&quot;;mso-bidi-font-family:&quot;Times New Roman&quot;;mso-ansi-language:\r\nIN;mso-fareast-language:EN-US;mso-bidi-language:AR-SA\">Mengapa dewasa ini\r\nbanyak proyek ditolak masyarakat padahal sudah memiliki AMDAL?</span></i><br></p>',0,0,'Untuk menjawab soal latihan ini, silahkan klik tombol Materi lalu tekan (ctrl+F) lalu cari di halaman 9.49 dengan ketik \"9.49\" pada text pencarian'),(286,23,4,'Latihan 2','<p class=\"Para-1\"><span lang=\"IN\">Buatlah contoh analisis AMDAL!<o:p></o:p></span></p>',0,0,'Untuk menjawab soal latihan ini, silahkan klik tombol Materi lalu tekan (ctrl+F) lalu cari di halaman 9.49 dengan ketik \"9.49\" pada text pencarian');
/*!40000 ALTER TABLE `dtlcourse` ENABLE KEYS */;
UNLOCK TABLES;

--
-- Table structure for table `dtlcoursecategory`
--

DROP TABLE IF EXISTS `dtlcoursecategory`;
/*!40101 SET @saved_cs_client     = @@character_set_client */;
/*!40101 SET character_set_client = utf8 */;
CREATE TABLE `dtlcoursecategory` (
  `detailID` int(11) NOT NULL AUTO_INCREMENT,
  `dtlCatCourseName` varchar(50) NOT NULL,
  `group` int(11) DEFAULT NULL,
  PRIMARY KEY (`detailID`)
) ENGINE=InnoDB AUTO_INCREMENT=5 DEFAULT CHARSET=utf8;
/*!40101 SET character_set_client = @saved_cs_client */;

--
-- Dumping data for table `dtlcoursecategory`
--

LOCK TABLES `dtlcoursecategory` WRITE;
/*!40000 ALTER TABLE `dtlcoursecategory` DISABLE KEYS */;
INSERT INTO `dtlcoursecategory` VALUES (1,'Tes Formatif 1',1),(2,'Latihan 1',2),(3,'Tes Formatif 2',1),(4,'Latihan 2',2);
/*!40000 ALTER TABLE `dtlcoursecategory` ENABLE KEYS */;
UNLOCK TABLES;

--
-- Table structure for table `dtlcourseopt`
--

DROP TABLE IF EXISTS `dtlcourseopt`;
/*!40101 SET @saved_cs_client     = @@character_set_client */;
/*!40101 SET character_set_client = utf8 */;
CREATE TABLE `dtlcourseopt` (
  `iddtlcourse` int(11) NOT NULL,
  `courseID` int(11) NOT NULL,
  `optID` int(11) NOT NULL,
  `optional` varchar(1000) NOT NULL,
  `iscorrect` int(11) NOT NULL,
  `urutan` int(11) NOT NULL AUTO_INCREMENT,
  PRIMARY KEY (`urutan`),
  KEY `FK_dtlcourseopt_course` (`courseID`),
  KEY `FK_dtlcourseopt_dtlcourse` (`iddtlcourse`),
  KEY `FK_dtlcourseopt_tbloption` (`optID`),
  CONSTRAINT `FK_dtlcourseopt_course` FOREIGN KEY (`courseID`) REFERENCES `course` (`courseID`) ON DELETE CASCADE ON UPDATE CASCADE,
  CONSTRAINT `FK_dtlcourseopt_dtlcourse` FOREIGN KEY (`iddtlcourse`) REFERENCES `dtlcourse` (`iddetailcourse`) ON DELETE CASCADE ON UPDATE CASCADE,
  CONSTRAINT `FK_dtlcourseopt_tbloption` FOREIGN KEY (`optID`) REFERENCES `tbloption` (`id`) ON DELETE CASCADE ON UPDATE CASCADE
) ENGINE=InnoDB AUTO_INCREMENT=846 DEFAULT CHARSET=utf8;
/*!40101 SET character_set_client = @saved_cs_client */;

--
-- Dumping data for table `dtlcourseopt`
--

LOCK TABLES `dtlcourseopt` WRITE;
/*!40000 ALTER TABLE `dtlcourseopt` DISABLE KEYS */;
INSERT INTO `dtlcourseopt` VALUES (15,15,1,'Pemerintah',0,72),(15,15,2,'Perusahaan',1,73),(15,15,3,'Produsen',0,74),(15,15,4,'Rumah Tangga',0,75),(16,15,1,'satu',0,76),(16,15,2,'APL',0,77),(16,15,3,'tak terhingga',0,78),(16,15,4,'nol',1,79),(17,15,1,'Ada perubahan permintaan produk',0,80),(17,15,2,'Harga input lain naik',0,81),(17,15,3,'Harga input lain turun',0,82),(17,15,4,'Upah tenaga kerja tersebut mengalami perubahan',1,83),(18,15,1,'Ada perubahan permintaan produk',0,84),(18,15,2,'Upah tenaga kerja tersebut mengalami perubahan',1,85),(18,15,3,'Harga input lain turun',0,86),(18,15,4,'Harga input lain naik',0,87),(21,15,1,'komplementer',0,90),(21,15,2,'pendapatan',0,91),(21,15,3,'produksi',0,92),(21,15,4,'skala',1,93),(22,15,1,'efek pendapatan',0,94),(22,15,2,'efek skala',1,95),(22,15,3,'efek komplementer',0,96),(22,15,4,'efek produksi',0,97),(23,15,1,'bergeser ke kanan',0,98),(23,15,2,'bergeser ke kiri',1,99),(23,15,3,'berpindah ke kanan di sepanjang kurva permintaan',0,100),(23,15,4,'bergeser ke atas',0,101),(24,15,1,'saling menggantikan',0,102),(24,15,2,'substitusi',0,103),(24,15,3,'saling melengkapi',1,104),(24,15,4,'superior',0,105),(19,15,1,'Tenaga kerja yang paling produktif',0,109),(19,15,2,'Output rata- rata yang dihasilkan oleh setiap tenaga kerja',0,110),(19,15,3,'Tambahan output yang dihasilkan dari tambahan tenaga kerja yang dipekerjakan',1,111),(19,15,4,'Berapa banyak uang yang dihasilkan oleh perusahaan dari setiap tenaga kerjanya',0,112),(19,15,5,'',0,113),(20,15,1,'mempekerjakan sedikit tenaga kerja',0,114),(20,15,2,'menaikkan jumlah pekerja dan modal secara terus menerus secara bersamaan',0,115),(20,15,3,'menambah jumlah pekerja yang tidak diikuti pembagian tugas sehingga terjadi inefisiensi ',1,116),(20,15,4,'mengurangi jumlah pekerja dan modal secara bersamaan',0,117),(20,15,5,'',0,118),(31,15,1,' MRPL',1,121),(31,15,2,'upah pasar',0,122),(31,15,3,' suplai tenaga kerja',0,123),(31,15,4,' keseimbangan pasar',0,124),(32,15,1,'VMPL=r',0,125),(32,15,2,'VMPL=k',0,126),(32,15,3,'VMPL=w',1,127),(32,15,4,'VMPL=APL',0,128),(33,15,1,' isocost',0,129),(33,15,2,' isokuan',1,130),(33,15,3,'MPL',0,131),(33,15,4,'APL',0,132),(34,15,1,'penurunan kuantitas tenaga kerja yang diminta',1,133),(34,15,2,'peningkatan jumlah tenaga kerjanyang diminta',0,134),(34,15,3,' kenaikan upah tenaga kerja',0,135),(34,15,4,'turunnya upah keseimbangan',0,136),(35,15,1,' Isokuan',0,137),(35,15,2,' Isocost',1,138),(35,15,3,'  Indiferen',0,139),(35,15,4,'Marginal revenue (MR)',0,140),(36,15,1,'substitusi',1,141),(36,15,2,' skala',0,142),(36,15,3,'pendapatan',0,143),(36,15,4,' perubahan',0,144),(37,15,1,'Kurva 1',0,145),(37,15,2,'Kurva 2',0,146),(37,15,3,'Kurva 3',0,147),(37,15,4,'Kurva 4',1,148),(38,15,1,'VMPL',0,149),(38,15,2,'VAPL',0,150),(38,15,3,'MRPL',0,151),(38,15,4,'MRC',0,152),(39,15,1,'MPL bersinggungan dengan kurva APL',0,153),(39,15,2,' TPL bersinggungan dengan kurva MPL',0,154),(39,15,3,' isocost bersinggungan dengan kurva isokuan',1,155),(39,15,4,'isokuan bersinggungan dengan kurva indiferen',0,156),(41,16,1,'tingkat pertambahan penduduk',0,159),(41,16,2,'produktivitas warga negara',1,160),(41,16,3,'struktur kependudukan',0,161),(41,16,4,'mobilitas penduduk',0,162),(42,16,1,'insentif jam tambahan kerja',1,163),(42,16,2,'non labor income',0,164),(42,16,3,'pendapatan pasangan (suami atau istri)',0,165),(42,16,4,'pendapatan sewa',0,166),(43,16,1,'perubahan upah di industri lain',0,167),(43,16,2,'  perubahan kondisi kerja',0,168),(43,16,3,'  fleksibilitas pekerjaan',0,169),(43,16,4,'   perubahan upah pekerjaan itu sendiri      ',1,170),(44,16,1,' inelastic',1,171),(44,16,2,'elastik',0,172),(44,16,3,'elastik sempurna',0,173),(44,16,4,'  unitary elastic',0,174),(45,16,1,'upah pekerjaan lainnya',0,175),(45,16,2,'karakter atasan',0,176),(45,16,3,'fleksibilitas pekerjaan',0,177),(45,16,4,'upah tunggu',1,178),(46,16,1,'kuantitas tenaga kerja dengan tingkat upah',0,179),(46,16,2,' tingkat upah dengan permintaan',1,180),(46,16,3,' tingkat upah dengan tenaga kerja',0,181),(46,16,4,'  tingkat upah dengan jam kerja',0,182),(48,16,1,'pekerja mengurangi jam kerja',1,183),(48,16,2,'perusahaan melakukan PHK',0,184),(48,16,3,'pekerja melakukan demo',0,185),(48,16,4,'perusahaan mengganti pekerja dengan mesin',0,186),(49,16,1,'wisata',0,187),(49,16,2,'revolusi',0,188),(49,16,3,'primitive',0,189),(49,16,4,'migrasi',1,190),(50,16,1,'tingkat upah di bawah upah tunggu',0,191),(50,16,2,' efek substitusi lebih besar dari efek pendapatan',0,192),(50,16,3,'efek substitusi lebih kecil dari efek pendapatan',1,193),(50,16,4,' tingkat upah di atas upah tunggu',0,194),(51,16,1,'substitusi',1,195),(51,16,2,'skala',0,196),(51,16,3,'pendapatan',0,197),(51,16,4,'pengeluaran   ',0,198),(52,16,1,'substitusi',0,199),(52,16,2,'skala',0,200),(52,16,3,'pendapatan',1,201),(52,16,4,'pengeluaran',0,202),(53,16,1,'pekerja mengambil waktu luang lebih banyak',0,207),(53,16,2,'biaya pengorbanan dari waktu luang akan meningkat',1,208),(53,16,3,'pekerja akan melakukan mogok kerja',0,209),(53,16,4,'perusahaan akan mengganti pekerja dengan mesin',0,210),(53,16,5,'',0,211),(54,16,1,'upah pekerja akan mengalami penurunan',0,212),(54,16,2,'pekerja memilih waktu luang lebih sedikit',0,213),(54,16,3,'jumlah tenaga kerja yang ditawarkan menurun',1,214),(54,16,4,'terjadi oversupply tenaga kerja',0,215),(55,16,1,'konsumsi',0,216),(55,16,2,'permintaan',0,217),(55,16,3,'penawaran',0,218),(55,16,4,'indiferen',1,219),(56,16,1,'U = f (C,L)',1,220),(56,16,2,'  U = f (p x q)',0,221),(56,16,3,'U = f (W + Wh)',0,222),(56,16,4,' U = f (W – C )',0,223),(57,16,1,' lebih tinggi',0,224),(57,16,2,'miring ke bawah',1,225),(57,16,3,'mendekati titik origin',0,226),(57,16,4,'berpotongan',0,227),(58,16,1,'Marginal Propensity to Consume',0,228),(58,16,2,'Marginal Propensity to Saving',0,229),(58,16,3,'Utilitas Marginal Waktu Luang',1,230),(58,16,4,'Utilitas Marginal Pendapatan',0,231),(78,17,1,'meningkat seiring dengan tingkat keahlian',1,241),(78,17,2,'menurun seiring dengan tingkat keahlian',0,242),(78,17,3,'tidak terkait dengan tingkat keahlian',0,243),(78,17,4,'tetap tidak berubah',0,244),(79,17,1,'unitary elastik',0,245),(79,17,2,'inelastik',0,246),(79,17,3,'elastik',1,247),(79,17,4,'tidak ada hubungan',0,248),(81,17,1,'positif',0,256),(81,17,2,'negatif',1,257),(81,17,3,'nol',0,258),(81,17,4,'satu',0,259),(81,17,5,'',0,260),(82,17,1,' elastik',0,261),(82,17,2,'inelastik',1,262),(82,17,3,'positif',0,263),(82,17,4,' nol ',0,264),(83,17,1,'2%',0,265),(83,17,2,'5%',0,266),(83,17,3,'10%',1,267),(83,17,4,'20%',0,268),(84,17,1,'pendapatan',0,269),(84,17,2,'pengangguran',0,270),(84,17,3,'penyerapan tenaga kerja',1,271),(84,17,4,' penawaran',0,272),(85,17,1,'pekerjaan',0,273),(85,17,2,'pendapatan',0,274),(85,17,3,'upah',1,275),(85,17,4,'waktu luang ',0,276),(87,17,1,'besar daripada persentase perubahan upah.',1,280),(87,17,2,'besar daripada persentase perubahan pendapatan.',0,281),(87,17,3,'kecil daripada persentase perubahan pendapatan.',0,282),(87,17,4,'kecil daripada persentase perubahan upah.',0,283),(88,17,1,'kurva penawaran tenaga kerja',1,284),(88,17,2,'tabel penawaran tenaga kerja.',0,285),(88,17,3,'skedule penawaran tenaga kerja.',0,286),(88,17,4,'keseimbangan penawaran dan permintaan. ',0,287),(89,17,1,'EAB =  (X2-X1)/X1 / (Y2-Y1)/Y1',0,288),(89,17,2,'Y = (y2-Y1)/2',0,289),(89,17,3,'EAB =  (X2-X1)/X1 / (Y2-Y1)/Y1',1,290),(89,17,4,'Es = Ah/Aw * w/h',0,291),(90,17,1,'lebih inelastik',1,292),(90,17,2,'lebih elastik',0,293),(90,17,3,' elastik sempurna',0,294),(90,17,4,' elastik uniter',0,295),(91,17,1,'Kurva 1',0,296),(91,17,2,'Kurva 2',0,297),(91,17,3,'Kurva 3',1,298),(91,17,4,'Kurva 4',0,299),(92,17,1,'Kurva 1',0,300),(92,17,2,'Kurva 2',0,301),(92,17,3,'Kurva 3',1,302),(92,17,4,'Kurva 4',0,303),(93,17,1,' Lebih inelastik.',0,304),(93,17,2,'Lebih elastik.',1,305),(93,17,3,'Elastik sempurna.',0,306),(93,17,4,' Elastik uniter.',0,307),(105,18,1,'Kondisi hidup yang lebih baik.',0,311),(105,18,2,'Gaji yang lebih tinggi.',1,312),(105,18,3,'Untuk menghindari penganiayaan.',0,313),(105,18,4,'Untuk iklim yang lebih baik.',0,314),(107,18,1,'Gustav Ranis.',1,316),(107,18,2,'Arthur Solow.',0,317),(107,18,3,'John Nash.',0,318),(107,18,4,'Krugman.',0,319),(108,18,1,'semasa hidup',0,320),(108,18,2,'kembali',0,321),(108,18,3,'risen',0,322),(108,18,4,' incidental',1,323),(109,18,1,'demografi',1,324),(109,18,2,'sosiologi',0,325),(109,18,3,'geografi',0,326),(109,18,4,'sosiatri',0,327),(110,18,1,'Human Capital Approach',0,328),(110,18,2,'Place Utility Model',1,329),(110,18,3,'Contextual Analysis',0,330),(110,18,4,'Value Expectancy Model',0,331),(111,18,1,'mengurangi kemiskinan ',0,332),(111,18,2,'mengurangi pengangguran',0,333),(111,18,3,'meningkatkan pendapatan keluarga',1,334),(111,18,4,'meningkatkan beban ketergantungan',0,335),(112,18,1,'Perbedaan kesempatan kerja.',0,336),(112,18,2,' Untuk memperoleh status dan kekayaan.',1,337),(112,18,3,'Perbedaan Pendapatan.',0,338),(112,18,4,'Untuk memperoleh upah yang layak.',0,339),(113,18,1,'menambah devisa negara dari non migas',0,340),(113,18,2,'harga TKI mahal',1,341),(113,18,3,'permintaan TKI sangat tinggi',0,342),(113,18,4,'menurunkan surplus tenaga kerja Indonesia',0,343),(114,18,1,'trade off',0,344),(114,18,2,'brain drain',1,345),(114,18,3,'kemiskinan bertambah',0,346),(114,18,4,'beban ketergantungan bertambah tinggi',0,347),(120,18,1,'Otoritas Migrasi',1,348),(120,18,2,'Kementrian Luar Negeri',0,349),(120,18,3,'Jasa Pengiriman TKI',0,350),(120,18,4,'Otoritas Jasa Keuangan',0,351),(123,18,1,'Membangun perumahan',0,358),(123,18,2,'Membeli tanah',0,359),(123,18,3,'Mendirikan industri kecil',0,360),(123,18,4,'Semua benar',1,361),(122,18,1,'Terjadi peningkatan tenaga kerja di negara berkembang',0,362),(122,18,2,'Menurunnya upah tenaga kerja di negara berkembang',0,363),(122,18,3,'Menurunnya supply tenaga kerja di negara berkembang',1,364),(122,18,4,' Pertumbuhan penduduk di negara berkembang menurun',0,365),(122,18,5,'',0,366),(121,18,1,'Tenaga Kerja Indonesia',0,367),(121,18,2,'Mobilitas Tenaga Kerja',1,368),(121,18,3,'Transmigrasi',0,369),(121,18,4,'Tenaga Kerja Asing',0,370),(121,18,5,'',0,371),(125,18,1,'Biaya perjalanan',0,375),(125,18,2,'Periode biaya pengangguran di negara tujuan',0,376),(125,18,3,'Biaya psikologis',0,377),(125,18,4,'Upah pekerja di negara tujuan',1,378),(126,18,1,'Mobililitas Tenaga Kerja',0,379),(126,18,2,'Mobilitas Penduduk',1,380),(126,18,3,'Adaptasi',0,381),(126,18,4,'Urbanisasi',0,382),(127,18,1,'keluar',0,383),(127,18,2,'masuk',0,384),(127,18,3,'risen',1,385),(127,18,4,' total',0,386),(135,19,1,'Sesuai anggaran',0,393),(135,19,2,'Sesuai keinginan',0,394),(135,19,3,'Sesuatu kebutuhan',1,395),(135,19,4,'Sesuai dengan market needs',0,396),(136,19,1,'External challenges',0,397),(136,19,2,'Organizational decisions',0,398),(136,19,3,'Government policy',1,399),(136,19,4,' Work-force factors',0,400),(137,19,1,'Workload analysis',1,401),(137,19,2,'Analisis Tenaga Kerja',0,402),(137,19,3,'Absenteeism Rate',0,403),(137,19,4,'  Turnover Rate',0,404),(138,19,1,'Perluasan pasar',0,405),(138,19,2,'Kebijakan padat modal / padat karya',0,406),(138,19,3,'Turn over tenaga kerja',1,407),(138,19,4,'Rencana investasi',0,408),(139,19,1,'Menambah lembur',0,409),(139,19,2,'Replacement',1,410),(139,19,3,'Pensiun dini',0,411),(139,19,4,'Pemutusan Hubungan Kerja',0,412),(140,19,1,'Tujuan perusahaan',0,413),(140,19,2,'Perkembangan iptek',0,414),(140,19,3,'Peraturan pemerintah',0,415),(140,19,4,'Penyediaan output',1,416),(141,19,1,'Metode Delphi',0,417),(141,19,2,'Analisis kecenderungan',0,418),(141,19,3,'Model Ekonometri',0,419),(141,19,4,' Audit sumber daya manusia   ',1,420),(142,19,1,'Metode Delphi',0,421),(142,19,2,'Analisis kecenderungan',0,422),(142,19,3,' Model Ekonometri',0,423),(142,19,4,'Audit sumber daya manusia',1,424),(143,19,1,'Beban tanggungan pekerja',1,425),(143,19,2,'Keputusan organisasi',0,426),(143,19,3,'Faktor angkatan kerja',0,427),(143,19,4,'Tantangan eksternal',0,428),(144,19,1,'Kondisi permintaan tenaga kerjanya',0,429),(144,19,2,'Tingkat ketidakhadiran tenaga kerja.',1,430),(144,19,3,'Kondisi penawaran',0,431),(144,19,4,'Produktivitas tenaga kerjanya.',0,432),(150,19,1,'UU No 12 Tahun 2007',0,433),(150,19,2,'UU No 15 Tahun 2007',1,434),(150,19,3,'UU No 13 Tahun 2003',0,435),(150,19,4,'UU No 15 Tahun 2003',0,436),(151,19,1,'Pasal 8 (1),(2),(3) UU No.13 / 2003',1,437),(151,19,2,'Pasal 11 PP Nomor 13 tahun 2007',0,438),(151,19,3,'Pasal 3 PP Nomor 33 Tahun 2016',0,439),(151,19,4,'A dan C benar semua',0,440),(152,19,1,'Aturan serikat pekerja',0,441),(152,19,2,'Struktur pasar tenaga kerja',0,442),(152,19,3,'Hubungan industrial',1,443),(152,19,4,'A, B dan C benar semua',0,444),(154,19,1,'penduduk',0,446),(154,19,2,'persediaan angkatan kerja',0,447),(154,19,3,' penyerapan tenaga kerja',0,448),(154,19,4,'beban ketergantungan penduduk',1,449),(153,19,1,'Seberapa besar dampak pertumbuhan ekonomi terhadap penyerapan tenaga kerja',1,450),(153,19,2,'Seberapa besar pengaruh perubahan peningkatan output ekonomi daerah',0,451),(153,19,3,'Bagian dari tenaga kerja yang sesungguhnya terlibat dalam kegiatan produktif',0,452),(153,19,4,'Keadaan tenaga kerja yang bekerja di suatu daerah',0,453),(153,19,5,'',0,454),(155,19,1,'penyerapan tenaga kerja',0,455),(155,19,2,'Elastisitas Tenaga Kerja',1,456),(155,19,3,'Rasio Ketergantungan',0,457),(155,19,4,'Angka Partisipasi Angkatan Kerja',0,458),(156,19,1,' Jumlah seluruh total penduduk',0,459),(156,19,2,'Jumlah seluruh penduduk usia produktif',0,460),(156,19,3,' Jumlah seluruh penduduk usia kerja',0,461),(156,19,4,'B dan C benar ',1,462),(157,19,3,'Kapasitas produksi turun.',0,463),(158,19,1,'TPAK.',0,464),(158,19,2,'Angkatan kerja.',0,465),(158,19,3,'Manpower Requirement.',1,466),(158,19,4,'Permintaan tenaga kerja.',0,467),(159,19,1,'Munculnya angka pengangguran',0,468),(159,19,2,'Excess supply',0,469),(159,19,3,'Upah yang seimbang.',0,470),(159,19,4,'Kapasitas produksi turun',1,471),(165,20,1,'tumbuhan',0,472),(165,20,2,'emas',1,473),(165,20,3,'tanah',0,474),(165,20,4,'hewan',0,475),(166,20,1,'sumber daya alam',1,476),(166,20,2,'kekayaan alam',0,477),(166,20,3,'sumber hidup',0,478),(166,20,4,'alam sekitar',0,479),(167,20,1,'mutiara, batu bara, minyak bumi',0,480),(167,20,2,'emas, perak, batu bara',0,481),(167,20,3,'air, hutan, tanah',1,482),(167,20,4,'emas, plastik, kuningan',0,483),(168,20,1,'Slamet Riyadi',0,493),(168,20,2,'Herman Haeruman',1,494),(168,20,3,' Irving Fisher',0,495),(168,20,4,' Keyness',0,496),(168,20,5,'',0,497),(169,20,1,'persediaan total (total stock)',0,498),(169,20,2,'sumber daya (resources)',0,499),(169,20,3,'cadangan (reserve)',0,500),(169,20,4,'kekayaan ',1,501),(170,20,1,'persediaan total (total stock)',1,502),(170,20,2,'sumber daya (resources)',0,503),(170,20,3,' cadangan (reserve)',0,504),(170,20,4,'kekayaan ',0,505),(171,20,1,'persediaan total (total stock)',0,506),(171,20,2,'sumber daya (resources)',1,507),(171,20,3,'cadangan (reserve)',0,508),(171,20,4,'kekayaan',0,509),(172,20,1,'pendaurulangan (recycle)',1,510),(172,20,2,'penggunaulangan (reuse)',0,511),(172,20,3,'perawatan (repair)',0,512),(172,20,4,'cadangan (reserve)',0,513),(173,20,1,'bantuan induk',0,514),(173,20,2,'bantuan reservoir',1,515),(173,20,3,'lapisan pembuka',0,516),(173,20,4,'lapisan penutup',0,517),(174,20,1,'bantuan induk',1,518),(174,20,2,'bantuan reservoir',0,519),(174,20,3,'lapisan pembuka',0,520),(174,20,4,'lapisan penutup',0,521),(180,20,1,'tumbuhan',0,522),(180,20,2,'emas',1,523),(180,20,3,'tanah',0,524),(180,20,4,'hewan',0,525),(181,20,1,'sumber daya alam',1,526),(181,20,2,'kekayaan alam',0,527),(181,20,3,'sumber hidup',0,528),(181,20,4,'alam sekitar',0,529),(182,20,1,'mutiara, batu bara, minyak bumi',0,530),(182,20,2,'emas, perak, batu bara',0,531),(182,20,3,'air, hutan, tanah',1,532),(182,20,4,'emas, plastik, kuningan',0,533),(183,20,1,'Maier',0,534),(183,20,2,'Suparmoko',1,535),(183,20,3,'Arsyad',0,536),(183,20,4,'Keynes',0,537),(184,20,1,'inflasi dan kemiskinan',1,538),(184,20,2,'devisa dan kesenjangan',0,539),(184,20,4,'suku bunga dan pengangguran',0,540),(185,20,2,'kemiskinan dan pengangguran',0,541),(185,20,3,'kesenjangan dan kemajuan teknologi',0,542),(185,20,4,'kemiskinan dan kemajuan teknologi',0,543),(186,20,1,'naik bila perekonomian itu semakin berkembang',0,544),(186,20,2,'turun bila perekonomian itu semakin berkembang',0,545),(186,20,3,'stabil bila perekonomian itu semakin berkembang',1,546),(186,20,4,'konsisten bila perekonomian itu semakin berkembang',0,547),(187,20,2,'penggunaan teknologi yang modern',1,548),(187,20,3,'perawatan tanah yang efisien',0,549),(188,20,1,'inexhaustible natural resources',0,550),(188,20,2,'irreplanceable atau stock natural resources',1,551),(188,20,3,'stock resources',0,552),(188,20,4,'flow atau renewable resources',0,553),(189,20,1,'inexhaustible natural resources',1,554),(189,20,2,'irreplanceable atau stock natural resources',0,555),(189,20,3,'stock resources',0,556),(189,20,4,'flow atau renewable resources',0,557),(195,21,1,'Travel Cost Method (TCM)',1,558),(195,21,2,'The Averting Behaviour Method (ABM)',0,559),(195,21,3,'The Dose-Response Method (DRM)',0,560),(195,21,4,'Contingent Valuation Method (CVM) ',0,561),(196,21,1,'Travel Cost Method (TCM)',0,562),(196,21,2,'The Averting Behaviour Method (ABM)',1,563),(196,21,3,'Hedonic Price Method (HPM)',0,564),(196,21,4,'Contingent Valuation Method (CVM) ',0,565),(197,21,1,'ekologis',0,566),(197,21,2,'Fungsi ekonomis',1,567),(197,21,3,'Fungsi geografis',0,568),(197,21,4,'Fungsi hukum',0,569),(199,21,1,' Travel Cost Method (TCM)',0,573),(199,21,2,'The Averting Behaviour Method (ABM)',0,574),(199,21,3,'The Dose-Response Method (DRM)',1,575),(199,21,4,'Hedonic Price Method (HPM) ',0,576),(200,21,4,'harga yang tersedia harus valid',0,577),(201,21,1,'Travel Cost Method (TCM)',0,578),(201,21,2,'The Averting Behaviour Method (ABM)',0,579),(201,21,3,'The Dose-Response Method (DRM)',0,580),(201,21,4,'Contingent Valuation Method (CVM) ',1,581),(202,21,1,'Travel Cost Method (TCM)',0,582),(202,21,2,'The Averting Behaviour Method (ABM)',1,583),(202,21,3,'The Dose-Response Method (DRM)',0,584),(202,21,4,'Contingent Valuation Method (CVM) ',0,585),(203,21,1,'Travel Cost Method (TCM)',0,586),(203,21,2,'The Averting Behaviour Method (ABM)',0,587),(203,21,3,'The Dose-Response Method (DRM)',0,588),(203,21,4,'Contingent Valuation Method (CVM) ',1,589),(204,21,1,'biaya oportunitas (opportunity cost)',0,590),(204,21,2,'biaya preventif (preventif cost)',0,591),(204,21,3,'biaya penggantian (replacement cost)',0,592),(204,21,4,'teknik biaya produksi',1,593),(205,21,1,'Travel Cost Method (TCM)',0,594),(205,21,2,'The Averting Behaviour Method (ABM)',1,595),(205,21,3,'The Dose-Response Method (DRM)',0,596),(205,21,4,'Hedonic Price Method (HPM).',0,597),(212,21,1,'penyediaan (provising services)',1,598),(212,21,2,'pengaturan (regulating services)',0,599),(212,21,3,'kultural (cultural services)',0,600),(212,21,4,'pendukung (supporting services)',0,601),(213,21,1,'penyediaan (provising services)',0,602),(213,21,2,'pengaturan (regulating services)',0,603),(213,21,3,'kultural (cultural services)',1,604),(213,21,4,'pendukung (supporting services)',0,605),(214,21,1,'konsumtif',0,606),(214,21,2,'konsumsi',1,607),(214,21,3,'produksi',0,608),(214,21,4,'distribusi',0,609),(215,21,1,'intan',0,610),(215,21,2,'gas bumi',1,611),(215,21,3,'tanah',0,612),(215,21,4,'tumbuhan',0,613),(216,21,1,'emas',0,614),(216,21,2,'udara',1,615),(216,21,3,'gas bumi',0,616),(216,21,4,'tumbuhan',0,617),(217,21,1,'penggundulan hutan secara tak terencana',1,618),(217,21,2,'pembuangan sampah di sembarang tempat',0,619),(218,21,1,'banjir',1,620),(218,21,2,'gunung meletus',0,621),(218,21,3,'gempa bumi',0,622),(218,21,4,'tornado ',0,623),(219,21,1,'di bakar',0,624),(219,21,2,'kompos',0,625),(219,21,3,'biologis',0,626),(219,21,4,'di buang di sungai',1,627),(220,21,3,'sumur-sumur dan sumber air kering',0,628),(220,21,4,'merusak areal hutan, perkebunan, dan pertanian',0,629),(221,21,3,'sumur-sumur dan sumber air kering.',1,630),(221,21,4,'merusak areal hutan, perkebunan, dan pertanian.',0,631),(227,22,1,'Keseimbangan dan keselarasan',1,632),(227,22,2,'Modal pertumbuhan ekonomi dan keseimbangan',0,633),(228,22,1,'Peraturan Presiden No.X/Presiden/2010',0,634),(228,22,2,'TAP MPR No.X/MPR/2003',0,635),(228,22,3,'Peraturan Presiden No.III/Presiden/2001',1,636),(228,22,4,'Tap MPR No.IX/MPR/2001',0,637),(229,22,1,'2, 3 dan 4.',0,638),(229,22,2,'3, 5 dan 6.',1,639),(229,22,3,'4, 5 dan 6.',0,640),(229,22,4,' 1, 2 dan 3.',0,641),(230,22,1,'Prinsip optimal',0,642),(230,22,2,'Prinsip lestari',0,643),(230,22,3,'Prinsip efisien',0,644),(230,22,4,'Prinsip ekoefisien',1,645),(231,22,1,'Rehabilitasi pertanian',0,646),(231,22,2,'Pemakaian pupuk kimia secara optimal',0,647),(231,22,3,'Bimbingan masyarakat',0,648),(231,22,4,'Pemilihan bibit unggul',1,649),(232,22,1,'diversifikasi pertanian',1,650),(232,22,2,'ekstensifikasi pertanian',0,651),(232,22,3,'intensifikasi pertanian',0,652),(232,22,4,'revolusi hijau',0,653),(233,22,1,'1 dan 4',0,654),(233,22,2,'2 dan 3',0,655),(233,22,3,'1 dan 3',0,656),(233,22,4,'3 dan 4',1,657),(234,22,1,'menghilangkan cara pertanian tradisional',0,658),(234,22,2,'meningkatkan hasil produksi pertanian',1,659),(234,22,3,'memudahkan cara kerja petani',0,660),(234,22,4,'melestarikan sumber daya alam',0,661),(235,22,1,'revolusi hijau',1,662),(235,22,2,'diversifikasi pertanian',0,663),(235,22,3,'teknologi Revolusi Hijau Lestari',0,664),(235,22,4,'intensifikasi Pertanian',0,665),(242,22,1,'UNEP',1,666),(242,22,2,'WTO',0,667),(242,22,3,'WHO',0,668),(242,22,4,'UNICEF',0,669),(243,22,1,'2, 3 dan 6',0,670),(243,22,2,'1,2 dan 5',0,671),(243,22,3,'4, 5 dan 6',0,672),(243,22,4,' 1, 2 dan 6',1,673),(244,22,1,'pelindungan hewa langka',0,674),(244,22,2,'penyerapan karbon',1,675),(244,22,3,'penyediaan oksigen',0,676),(244,22,4,'penyediaan kayu',0,677),(245,22,1,'hijau',1,678),(245,22,2,'campuran',0,679),(245,22,3,'industri',0,680),(245,22,4,'biru',0,681),(246,22,1,'Inspired by 100 innovations',0,682),(246,22,2,'Learning from nature',1,683),(246,22,3,'The logic of ecosystem',0,684),(246,22,4,'Zero waste',0,685),(247,22,1,'Pro-environment',1,686),(247,22,2,'Pro-job',0,687),(247,22,3,'Pro-poor',0,688),(247,22,4,'Pro-efficient',0,689),(248,22,1,'Alfred Marshall',0,690),(248,22,2,'Gunter Pauli',0,691),(248,22,3,'Joan Violet Robinson',1,692),(248,22,4,'Charles Merril',0,693),(249,22,1,'inovasi berwawasan ekosistem',0,694),(249,22,2,'penggunaan teknologi',1,695),(249,22,3,'satu arah',0,696),(249,22,4,'menghasilkan limbah',0,697),(250,22,1,'melakukan reklamasi',1,698),(251,22,1,'mengupayakan pengurangan emisi',1,699),(251,22,2,'pembakaran hutan secara besar-besaran',0,700),(251,22,3,'tidak mengurangi pemakaian gas kimia',0,701),(257,23,1,'penipisan sumber daya alam',0,702),(257,23,2,'penggundulan hutan',0,703),(257,23,3,'penipisan lapisan ozon',0,704),(257,23,4,'pengolahan limbah',1,705),(258,23,1,'Analisis Masalah Dalam Alam Liar.',0,706),(258,23,2,'Analisis Mengenai Dampak Lingkungan.',1,707),(258,23,3,'Analisis Mengenai Dampak Alam dan Lingkungan.',0,708),(258,23,4,'Analisis Masalah Dampak Lingkungan.',0,709),(260,23,1,'meningkatkan produktivitas',0,713),(260,23,2,'menjaga dan meningkatkan kualitas lingkungan',1,714),(260,23,3,'mencegah timbulnya kerugian pengusaha',0,715),(260,23,4,'membuka lapangan kerja',0,716),(259,23,1,'mengidentifikasi dampak dari rencana usaha dari kegiatan',1,717),(259,23,2,'menguraikan rona lingkungan awal',0,718),(259,23,3,'memprediksi dampak penting',0,719),(259,23,4,'mengendalikan dampak lingkungan',0,720),(259,23,5,'',0,721),(261,23,1,'ANDAL',0,722),(261,23,2,'RKL',0,723),(261,23,3,'RPL',0,724),(261,23,4,'UPL',1,725),(262,23,1,'UUD 1945 Pasal 31',0,726),(262,23,2,'PP Nomor 27 Tahun 1999',0,727),(262,23,3,'UU Nomor 23 Tahun 1999',0,728),(262,23,4,'Permen LH Nomor 17 Tahun 2001',1,729),(263,23,1,'menjamin pembangunan yang tidak merusak lingkungan',0,730),(263,23,2,'memaksimalkan dampak positif lingkungan hidup',0,731),(263,23,3,'mengelola sumber daya alam secara efisien',0,732),(263,23,4,'masyarakat tidak berebut sumber daya alam',1,733),(264,23,1,'Gubernur, Walikota',0,734),(264,23,2,'Menteri lingkungan hidup',0,735),(264,23,3,'Gubernur dan Menteri lingkungan hidup',0,736),(265,23,1,'1, 2 dan 3',0,737),(265,23,2,'1 dan 2',0,738),(265,23,3,'3 dan 4',0,739),(265,23,4,'1, 2 ,3 dan 4',1,740),(266,23,1,'iklim mulai tidak stabil',0,741),(266,23,2,'peningkatan permukaan laut',0,742),(266,23,3,'peningkatan kesuburan tanah',1,743),(266,23,4,'gangguan ekologis',0,744),(272,23,1,'Indonesia',1,745),(272,23,2,'Amerika serikat',0,746),(272,23,3,'Canada',0,747),(272,23,4,'Inggris ',0,748),(275,23,1,'kerangka acuan analisis dampak lingkungan hidup',1,749),(275,23,2,'rencana pemantauan lingkungan hidup',0,750),(275,23,3,'ringkasan eksekutif',0,751),(275,23,4,'rencana pengelolaan lingkungan hidup',0,752),(276,23,1,'kerangka acuan analisis dampak lingkungan hidup',0,753),(276,23,2,'rencana pemantauan lingkungan hidup',1,754),(276,23,3,'ringkasan eksekutif',0,755),(276,23,4,'rencana pengelolaan lingkungan hidup',0,756),(277,23,1,'intensitas dan lamanya dampak berlangsung',0,757),(277,23,2,' luas wilayah penyebaran dampak',0,758),(277,23,4,'sifat kumulatif dampak',0,759),(278,23,2,' intensitas dan lamanya dampak berlangsung',0,760),(278,23,3,'luas wilayah penyebaran dampak',0,761),(279,23,4,'pembaharuan sumber daya alam hayati',0,762),(281,23,1,'Kajian Acuan Analisis Dampak Lingkungan Hidup',0,767),(281,23,2,'Kerangka Acuan Analisis Dampak Lingkungan Hidup',1,768),(281,23,3,'Kemajuan Acuan Analisis Dampak Lingkungan Hidup',0,769),(281,23,4,'Konsep Acuan Analisis Dampak Lingkungan Hidup',0,770),(280,23,1,'Kerangka Acuan (KA), ANDAL, RKL, RPL',1,771),(280,23,2,'CVM, ABM, TCM',0,772),(280,23,3,'Kerangka Acuan (KA), CVM, ABM',0,773),(280,23,4,'Kerangka Acuan (KA), CVM, TCM',0,774),(280,23,5,'',0,775),(30,15,1,'Tambahan pendapatan dikalikan tambahan biaya.',0,776),(30,15,2,'Tambahan pendapatan per satu tambahan biaya yang diproduksi',0,777),(30,15,3,'Tambahan output dikalikan tambahan biaya',0,778),(30,15,4,'Tambahan output per tambahan tenaga kerja, dikali tambahan pendapatan',1,779),(30,15,5,'',0,780),(40,16,1,'output yang dihasilkan oleh tenaga kerja pada suatu tingkat upah tertentu',0,781),(40,16,2,'tenaga kerja yang bekerja di perusahaan',0,782),(40,16,3,'tenaga kerja yang mau dan mampu bekerja pada suatu tingkat upah tertentu',1,783),(40,16,4,'total jam kerja pekerja di perusahaan',0,784),(40,16,5,'',0,785),(47,16,1,'TPAK adalah jumlah Angkatan Kerja ditambah jumlah BAK',0,786),(47,16,2,'TPAK adalah perbandingan Jumlah Orang Bekerja dengan Orang Tidak Bekerja',0,787),(47,16,3,'TPAK membandingkan jumlah penduduk yang masuk dalam Angkatan Kerja dengan Jumlah Penduduk Usia Kerja',1,788),(47,16,4,'TPAK dapat digunakan untuk mengukur jumlah tenaga kerja yang tidak terserap oleh pasar kerja',0,789),(47,16,5,'',0,790),(59,16,1,'waktu luangnya lebih tinggi',0,791),(59,16,2,'perbedaan tempat kerja',0,792),(59,16,3,'kemiringan kurva indiferennya berbeda',0,793),(59,16,4,'adanya perbedaan cara pandang seorang dalam melihat trade off antara waktu luang dan konsumsi',1,794),(59,16,5,'',0,795),(75,17,1,'perubahan upah dibagi dengan perubahan kuantitas tenaga kerja yang diminta',0,796),(75,17,2,'perubahan kuantitas tenaga kerja yang diminta dibagi dengan perubahan upah',0,797),(75,17,3,'persentase perubahan upah dibagi dengan persentase perubahan kuantitas tenaga kerja yang diminta',0,798),(75,17,4,'persentase perubahan kuantitas tenaga kerja yang diminta dibagi dengan persentase perubahan upah',1,799),(75,17,5,'',0,800),(76,17,1,'berubah dari elastis menjadi tidak elastik',1,801),(76,17,2,'berubah dari tidak elastik ke elastik',0,802),(76,17,3,'tidak berubah',0,803),(76,17,4,'mungkin berubah, bisa dari elastik ke inelastik atau sebaliknya',0,804),(76,17,5,'',0,805),(77,17,1,'selalu positif',1,806),(77,17,2,' selalu negatif',0,807),(77,17,3,'bisa negatif atau positif',0,808),(77,17,4,'akan positif jika bersifat substitusi dan negatif jika bersifat komplementer',0,809),(77,17,5,'',0,810),(80,17,1,'selalu positif',0,811),(80,17,2,'selalu negatif',0,812),(80,17,3,'bisa negatif atau positif',0,813),(80,17,4,'akan positif jika bersifat substitusi dan negatif jika bersifat komplementer',1,814),(80,17,5,'',0,815),(86,17,1,'nij = %AEi/%AWi',0,816),(86,17,2,'P = Q/L',0,817),(86,17,3,'Es = % perubahan rasio modal - tenaga kerja / % perubahan rasio relatif tenaga kerja',0,818),(86,17,4,'Es = Ah/Aw * w/h',1,819),(86,17,5,'',0,820),(94,17,1,'ketrampilan dan kualifikasi melakukan suatu pekerjaan',0,821),(94,17,2,'periode waktu menyiapkan diri untuk bekerja',0,822),(94,17,3,'kualitas pekerjaan',0,823),(94,17,4,'beban ketergantungan',1,824),(94,17,5,'',0,825),(106,18,1,'orang bermigrasi ketika upah di perkotaan melebihi upah di pedesaan',1,826),(106,18,2,'pendapatan yang diharapkan lebih tinggi di daerah perkotaan',0,827),(106,18,3,'infrastruktur yang lebih baik di daerah perkotaan',0,828),(106,18,4,'ketersediaan pekerjaan padat karya di daerah perkotaan',0,829),(106,18,5,'',0,830),(124,18,1,'Migran mengurangi rasio tenaga kerja dengan modal',0,831),(124,18,2,'Migran menebus ketidakhadiran mereka dengan mengirimkan uang kepada keluarga di daerah asal',0,832),(124,18,3,'A dan B benar',1,833),(124,18,4,'A dan B salah',0,834),(124,18,5,'',0,835),(128,18,1,'Pendidikan di Kota lebih baik',0,836),(128,18,2,'Kemudahan dalam akses ke rumah sakit/lembaga kesehatan di kota',0,837),(128,18,3,'Akses transportasi di Kota lebih mudah',0,838),(128,18,4,'Di Kota jumlah penduduknya lebih sedikit',1,839),(128,18,5,'',0,840),(129,18,1,'Karena dapat mengurangi biaya produksi.',1,841),(129,18,2,'Tercipta hubungan baik antara pekerja dengan perusahaan',0,842),(129,18,3,'Upah pekerja meningkat.',0,843),(129,18,4,'Biaya produksi meningkat.',0,844),(129,18,5,'',0,845);
/*!40000 ALTER TABLE `dtlcourseopt` ENABLE KEYS */;
UNLOCK TABLES;

--
-- Table structure for table `menu`
--

DROP TABLE IF EXISTS `menu`;
/*!40101 SET @saved_cs_client     = @@character_set_client */;
/*!40101 SET character_set_client = utf8 */;
CREATE TABLE `menu` (
  `idmenu` int(11) NOT NULL AUTO_INCREMENT,
  `nama_menu` varchar(50) NOT NULL,
  `icon` varchar(50) NOT NULL,
  `color` varchar(50) NOT NULL,
  `link` varchar(50) NOT NULL,
  `flag` int(11) NOT NULL,
  `alias` varchar(25) NOT NULL,
  PRIMARY KEY (`idmenu`)
) ENGINE=InnoDB AUTO_INCREMENT=12 DEFAULT CHARSET=latin1;
/*!40101 SET character_set_client = @saved_cs_client */;

--
-- Dumping data for table `menu`
--

LOCK TABLES `menu` WRITE;
/*!40000 ALTER TABLE `menu` DISABLE KEYS */;
INSERT INTO `menu` VALUES (1,'Modul','rocket','','course/index',1,'Course'),(2,'Hak Akses','menu-alt','','role/index',1,'Role'),(3,'Users','settings','-','user/index',1,'Users'),(10,'Riwayat Modul','bookmark',' -','mycourse/index',1,'My Course'),(11,'Profil','user','-','profile/index',1,'Profile');
/*!40000 ALTER TABLE `menu` ENABLE KEYS */;
UNLOCK TABLES;

--
-- Table structure for table `migration`
--

DROP TABLE IF EXISTS `migration`;
/*!40101 SET @saved_cs_client     = @@character_set_client */;
/*!40101 SET character_set_client = utf8 */;
CREATE TABLE `migration` (
  `version` varchar(180) NOT NULL,
  `apply_time` int(11) DEFAULT NULL,
  PRIMARY KEY (`version`)
) ENGINE=InnoDB DEFAULT CHARSET=utf8;
/*!40101 SET character_set_client = @saved_cs_client */;

--
-- Dumping data for table `migration`
--

LOCK TABLES `migration` WRITE;
/*!40000 ALTER TABLE `migration` DISABLE KEYS */;
INSERT INTO `migration` VALUES ('m000000_000000_base',1578931047),('m130524_201442_init',1578931052),('m190124_110200_add_verification_token_column_to_user_table',1578931053);
/*!40000 ALTER TABLE `migration` ENABLE KEYS */;
UNLOCK TABLES;

--
-- Table structure for table `resultcourse`
--

DROP TABLE IF EXISTS `resultcourse`;
/*!40101 SET @saved_cs_client     = @@character_set_client */;
/*!40101 SET character_set_client = utf8 */;
CREATE TABLE `resultcourse` (
  `id` int(11) NOT NULL AUTO_INCREMENT,
  `urutan` int(11) NOT NULL,
  `answer` int(11) NOT NULL,
  `iddetailcourse` int(11) NOT NULL,
  PRIMARY KEY (`id`),
  KEY `FK_resultcourse_usercourse` (`urutan`),
  KEY `FK_resultcourse_dtlcourse` (`iddetailcourse`),
  CONSTRAINT `FK_resultcourse_dtlcourse` FOREIGN KEY (`iddetailcourse`) REFERENCES `dtlcourse` (`iddetailcourse`) ON DELETE CASCADE ON UPDATE CASCADE,
  CONSTRAINT `FK_resultcourse_usercourse` FOREIGN KEY (`urutan`) REFERENCES `usercourse` (`urutan`)
) ENGINE=InnoDB AUTO_INCREMENT=573 DEFAULT CHARSET=utf8;
/*!40101 SET character_set_client = @saved_cs_client */;

--
-- Dumping data for table `resultcourse`
--

LOCK TABLES `resultcourse` WRITE;
/*!40000 ALTER TABLE `resultcourse` DISABLE KEYS */;
INSERT INTO `resultcourse` VALUES (282,103,1,25),(283,103,1,26),(284,103,1,27),(285,103,1,28),(286,103,1,29),(287,104,2,15),(288,104,4,16),(289,104,4,17),(290,104,2,18),(291,104,3,19),(292,104,2,20),(293,104,4,21),(294,104,2,22),(295,104,2,23),(296,104,1,24),(317,107,2,15),(318,107,4,16),(319,107,2,17),(320,107,2,18),(321,107,3,19),(322,107,3,20),(323,107,4,21),(324,107,2,22),(325,107,2,23),(326,107,3,24),(327,108,1,25),(328,108,1,26),(329,109,4,40),(330,109,1,41),(331,109,2,42),(332,109,4,43),(333,109,2,44),(334,110,1,70),(335,110,1,71),(336,110,1,72),(337,111,1,30),(338,111,1,31),(339,111,4,32),(340,111,1,33),(341,111,2,34),(342,111,4,35),(343,111,2,36),(344,111,2,37),(345,111,3,38),(346,111,3,39),(347,112,4,40),(348,112,1,41),(349,112,3,42),(350,112,2,43),(351,112,2,44),(352,112,4,45),(353,112,1,46),(354,112,3,47),(355,112,4,48),(356,112,2,49),(357,113,2,50),(358,113,1,51),(359,113,1,52),(360,113,4,53),(361,113,3,54),(362,113,2,55),(363,113,3,56),(364,113,2,57),(365,113,2,58),(366,113,2,59),(367,114,4,75),(368,114,4,75),(369,114,1,76),(370,114,1,77),(371,114,2,78),(372,114,2,79),(373,114,4,80),(374,114,3,81),(375,114,2,82),(376,114,3,83),(377,114,2,84),(378,115,2,85),(379,115,4,86),(380,115,2,87),(381,115,4,88),(382,115,3,89),(383,115,3,90),(384,115,2,91),(385,115,3,92),(386,115,3,93),(387,115,4,94),(388,116,2,105),(389,116,1,106),(390,116,2,107),(391,116,1,108),(392,116,2,109),(393,116,1,110),(394,116,2,111),(395,116,2,112),(396,116,3,113),(397,116,4,114),(398,117,2,120),(399,117,4,121),(400,117,3,122),(401,117,4,123),(402,117,3,124),(403,117,2,125),(404,117,2,126),(405,117,1,127),(406,117,4,128),(407,117,1,129),(408,118,2,135),(409,118,2,136),(410,118,2,137),(411,118,2,138),(412,118,3,139),(413,118,1,140),(414,118,4,141),(415,118,2,142),(416,118,3,143),(417,118,2,144),(428,121,1,115),(429,121,1,116),(430,121,1,117),(431,121,1,118),(432,121,1,119),(439,123,2,257),(440,123,1,258),(441,123,4,259),(442,123,4,260),(443,123,2,261),(444,123,1,262),(445,123,2,263),(451,125,1,70),(452,125,1,71),(453,125,1,72),(454,125,1,73),(455,125,1,74),(456,126,1,15),(457,126,3,16),(458,126,4,17),(459,126,2,18),(460,126,2,19),(461,126,1,20),(462,126,1,21),(463,126,4,22),(464,126,1,23),(465,126,1,24),(466,127,2,30),(467,127,2,31),(468,127,2,32),(469,127,2,33),(470,127,1,34),(471,127,1,35),(472,127,2,36),(473,127,3,37),(474,127,1,38),(475,127,3,39),(481,129,1,65),(482,129,1,66),(483,129,1,67),(484,129,1,68),(485,129,1,68),(486,129,1,69),(487,129,1,69),(488,130,2,40),(489,130,2,41),(490,130,2,42),(491,130,2,43),(492,130,2,43),(493,130,2,44),(494,130,3,45),(495,130,2,46),(496,130,4,47),(497,130,3,48),(498,130,2,49),(499,131,2,50),(500,131,1,51),(501,131,2,52),(502,131,3,53),(503,131,3,54),(504,131,2,55),(505,131,2,56),(506,131,1,57),(507,131,2,58),(508,131,3,59),(509,131,3,54),(515,133,1,95),(516,133,1,96),(517,133,1,97),(518,133,1,98),(519,133,1,99),(520,134,1,100),(521,134,1,100),(522,134,1,101),(523,134,1,102),(524,134,1,103),(525,134,1,104),(526,135,3,75),(527,135,2,76),(528,135,2,77),(529,135,2,78),(530,135,2,79),(531,135,3,80),(532,135,5,81),(533,135,2,82),(534,135,2,83),(535,135,3,84),(536,136,1,206),(537,136,1,207),(538,136,1,207),(539,136,1,208),(540,136,1,209),(541,136,1,210),(542,136,1,211),(543,137,2,195),(544,137,2,196),(545,137,2,197),(546,137,2,199),(547,137,4,200),(548,137,3,201),(549,137,2,202),(550,137,2,203),(551,137,3,204),(552,137,3,205),(563,139,2,150),(564,139,3,151),(565,139,2,152),(566,139,2,153),(567,139,3,154),(568,139,2,155),(569,139,2,156),(570,139,3,157),(571,139,2,158),(572,139,2,159);
/*!40000 ALTER TABLE `resultcourse` ENABLE KEYS */;
UNLOCK TABLES;

--
-- Table structure for table `role`
--

DROP TABLE IF EXISTS `role`;
/*!40101 SET @saved_cs_client     = @@character_set_client */;
/*!40101 SET character_set_client = utf8 */;
CREATE TABLE `role` (
  `idrole` int(11) NOT NULL AUTO_INCREMENT,
  `role_name` varchar(50) NOT NULL,
  `status` int(11) NOT NULL,
  PRIMARY KEY (`idrole`)
) ENGINE=InnoDB AUTO_INCREMENT=3 DEFAULT CHARSET=utf8;
/*!40101 SET character_set_client = @saved_cs_client */;

--
-- Dumping data for table `role`
--

LOCK TABLES `role` WRITE;
/*!40000 ALTER TABLE `role` DISABLE KEYS */;
INSERT INTO `role` VALUES (1,'Administrator',1),(2,'Student',1);
/*!40000 ALTER TABLE `role` ENABLE KEYS */;
UNLOCK TABLES;

--
-- Table structure for table `role_privillage`
--

DROP TABLE IF EXISTS `role_privillage`;
/*!40101 SET @saved_cs_client     = @@character_set_client */;
/*!40101 SET character_set_client = utf8 */;
CREATE TABLE `role_privillage` (
  `idrole` int(11) NOT NULL,
  `description` varchar(50) NOT NULL,
  `menu_name` varchar(50) NOT NULL,
  `flag` int(11) NOT NULL,
  `urutan` int(11) NOT NULL AUTO_INCREMENT,
  PRIMARY KEY (`urutan`),
  KEY `FK_role_privillage_role` (`idrole`),
  CONSTRAINT `FK_role_privillage_role` FOREIGN KEY (`idrole`) REFERENCES `role` (`idrole`)
) ENGINE=InnoDB AUTO_INCREMENT=564 DEFAULT CHARSET=utf8;
/*!40101 SET character_set_client = @saved_cs_client */;

--
-- Dumping data for table `role_privillage`
--

LOCK TABLES `role_privillage` WRITE;
/*!40000 ALTER TABLE `role_privillage` DISABLE KEYS */;
INSERT INTO `role_privillage` VALUES (1,'HEAD','Course',1,544),(1,'HEAD','Role',1,545),(1,'HEAD','Users',1,546),(1,'HEAD','My Course',1,547),(1,'HEAD','Profile',1,548),(2,'HEAD','Course',0,559),(2,'HEAD','Role',0,560),(2,'HEAD','Users',0,561),(2,'HEAD','My Course',1,562),(2,'HEAD','Profile',1,563);
/*!40000 ALTER TABLE `role_privillage` ENABLE KEYS */;
UNLOCK TABLES;

--
-- Table structure for table `tbloption`
--

DROP TABLE IF EXISTS `tbloption`;
/*!40101 SET @saved_cs_client     = @@character_set_client */;
/*!40101 SET character_set_client = utf8 */;
CREATE TABLE `tbloption` (
  `id` int(11) NOT NULL,
  `alias` varchar(50) NOT NULL,
  PRIMARY KEY (`id`)
) ENGINE=InnoDB DEFAULT CHARSET=utf8;
/*!40101 SET character_set_client = @saved_cs_client */;

--
-- Dumping data for table `tbloption`
--

LOCK TABLES `tbloption` WRITE;
/*!40000 ALTER TABLE `tbloption` DISABLE KEYS */;
INSERT INTO `tbloption` VALUES (1,'A'),(2,'B'),(3,'C'),(4,'D'),(5,'E'),(6,'F'),(7,'G'),(8,'H'),(9,'I'),(10,'J');
/*!40000 ALTER TABLE `tbloption` ENABLE KEYS */;
UNLOCK TABLES;

--
-- Table structure for table `user`
--

DROP TABLE IF EXISTS `user`;
/*!40101 SET @saved_cs_client     = @@character_set_client */;
/*!40101 SET character_set_client = utf8 */;
CREATE TABLE `user` (
  `id` int(11) NOT NULL AUTO_INCREMENT,
  `username` varchar(255) COLLATE utf8_unicode_ci NOT NULL,
  `name` varchar(255) COLLATE utf8_unicode_ci NOT NULL,
  `roleID` int(11) NOT NULL,
  `auth_key` varchar(32) COLLATE utf8_unicode_ci NOT NULL,
  `password_hash` varchar(255) COLLATE utf8_unicode_ci NOT NULL,
  `password_reset_token` varchar(255) COLLATE utf8_unicode_ci DEFAULT NULL,
  `email` varchar(255) COLLATE utf8_unicode_ci NOT NULL,
  `status` smallint(6) NOT NULL DEFAULT '10',
  `created_at` int(11) NOT NULL,
  `updated_at` int(11) NOT NULL,
  `verification_token` varchar(255) COLLATE utf8_unicode_ci DEFAULT NULL,
  PRIMARY KEY (`id`),
  UNIQUE KEY `username` (`username`),
  UNIQUE KEY `email` (`email`),
  UNIQUE KEY `password_reset_token` (`password_reset_token`)
) ENGINE=InnoDB AUTO_INCREMENT=10 DEFAULT CHARSET=utf8 COLLATE=utf8_unicode_ci;
/*!40101 SET character_set_client = @saved_cs_client */;

--
-- Dumping data for table `user`
--

LOCK TABLES `user` WRITE;
/*!40000 ALTER TABLE `user` DISABLE KEYS */;
INSERT INTO `user` VALUES (1,'admin','admin',1,'ZcZzLVKw3R7wsz8Z5LapTLriPPWao9pf','$2y$13$qBaO3rMJzU1rH2mtXM7H1OkiLQaBR.Itd53WpWywbzolBk3.329SO',NULL,'admin@elearning.com',10,1578931114,1578931114,'J16Y_Mv4MHJDp5JfooZYQpDdkw6ngAnf_1578931114'),(5,'student','student 1',2,'xNqdY76SrYeZiX8zIKb7MFnGXncPAey3','$2y$13$G1C9V7sXqQpF66igJwEKdenAIhOkeG2MqcT3.c3P9hDj9HiiTq18K',NULL,'student@email.com',10,2147483647,2147483647,NULL),(6,'student2','student 2',2,'XMLfMSRrWUI9q-BhBbZlTPFfVk7tGNCH','$2y$13$i4S1JTWRZpSrLJUzP8sYq.jXrEKdJT4NLs65MV4uqcMGq0/JCNgk2',NULL,'student2@email.com',10,2147483647,2147483647,NULL),(8,'admin2','Admin 2',1,'skthHr2ebvWN5YKfOP6YzprKh4fcnBXb','$2y$13$PAZC6NMVrLRSb8u4DcegyujoTibDrzI0P.9FvNJxuzM/bf3jfcOVK',NULL,'admin2@elearning.com',10,2020050606,2020050606,NULL),(9,'xx','xx',2,'eSnB3JeF9ipOFmXHenAI_y9JgflAjc6K','$2y$13$wSKBe8Iadb.vDymOGrZHWuMmj6iLe3a1wNonF.edRy7KRuaYLsNBe',NULL,'xx@elearning.com',10,2020050901,2020050901,NULL);
/*!40000 ALTER TABLE `user` ENABLE KEYS */;
UNLOCK TABLES;

--
-- Table structure for table `usercourse`
--

DROP TABLE IF EXISTS `usercourse`;
/*!40101 SET @saved_cs_client     = @@character_set_client */;
/*!40101 SET character_set_client = utf8 */;
CREATE TABLE `usercourse` (
  `userID` int(11) NOT NULL,
  `score` int(11) NOT NULL,
  `courseID` int(11) NOT NULL,
  `detailID` int(11) NOT NULL,
  `startDate` datetime NOT NULL,
  `endDate` datetime DEFAULT NULL,
  `duration` int(11) DEFAULT NULL,
  `isFinish` int(11) NOT NULL,
  `urutan` int(11) NOT NULL AUTO_INCREMENT,
  PRIMARY KEY (`urutan`),
  KEY `FK_usercourse_course` (`courseID`),
  KEY `FK_usercourse_user` (`userID`),
  CONSTRAINT `FK_usercourse_course` FOREIGN KEY (`courseID`) REFERENCES `course` (`courseID`) ON DELETE CASCADE ON UPDATE CASCADE,
  CONSTRAINT `FK_usercourse_user` FOREIGN KEY (`userID`) REFERENCES `user` (`id`)
) ENGINE=InnoDB AUTO_INCREMENT=140 DEFAULT CHARSET=utf8;
/*!40101 SET character_set_client = @saved_cs_client */;

--
-- Dumping data for table `usercourse`
--

LOCK TABLES `usercourse` WRITE;
/*!40000 ALTER TABLE `usercourse` DISABLE KEYS */;
INSERT INTO `usercourse` VALUES (1,0,15,2,'2020-05-09 09:35:01','2020-05-09 09:35:09',0,1,103),(1,80,15,1,'2020-05-09 09:35:46','2020-05-09 09:36:47',0,1,104),(9,90,15,1,'2020-05-09 14:22:55','2020-05-09 14:23:34',0,1,107),(9,0,15,2,'2020-05-09 14:40:31','2020-05-09 14:40:40',0,0,108),(9,10,16,1,'2020-05-09 15:24:05','2020-05-09 15:24:20',0,0,109),(1,0,15,4,'2020-05-10 04:48:55','2020-05-10 04:50:27',0,0,110),(1,20,15,3,'2020-05-10 04:50:55','2020-05-10 04:53:34',0,1,111),(1,20,16,1,'2020-05-10 04:56:55','2020-05-10 05:01:56',0,1,112),(1,30,16,3,'2020-05-10 05:02:24','2020-05-10 05:04:11',0,1,113),(1,70,17,1,'2020-05-10 05:11:45','2020-05-10 05:18:20',0,1,114),(1,40,17,3,'2020-05-10 05:22:11','2020-05-10 05:28:22',0,1,115),(1,30,18,1,'2020-05-10 05:29:02','2020-05-10 05:33:21',0,1,116),(1,60,18,3,'2020-05-10 05:34:15','2020-05-10 05:41:41',0,1,117),(1,20,19,1,'2020-05-10 05:42:27','2020-05-10 05:47:37',0,1,118),(6,0,18,2,'2020-05-11 02:27:19','2020-05-11 02:27:32',0,1,121),(6,0,23,1,'2020-05-11 03:00:47','2020-05-11 03:03:11',0,0,123),(6,0,15,4,'2020-05-11 03:07:02','2020-05-11 03:07:55',0,1,125),(6,20,15,1,'2020-05-11 03:08:41','2020-05-11 03:13:18',0,1,126),(6,30,15,3,'2020-05-11 03:14:13','2020-05-11 03:15:00',0,1,127),(6,0,16,4,'2020-05-11 03:50:22','2020-05-11 03:50:43',0,1,129),(6,20,16,1,'2020-05-11 03:51:18','2020-05-11 03:52:19',0,1,130),(6,30,16,3,'2020-05-11 03:52:58','2020-05-11 03:54:58',0,1,131),(6,0,17,2,'2020-05-11 04:07:13','2020-05-11 04:07:20',0,1,133),(6,0,17,4,'2020-05-11 04:07:33','2020-05-11 04:08:23',0,1,134),(6,20,17,1,'2020-05-11 04:10:10','2020-05-11 04:14:53',0,1,135),(6,0,21,2,'2020-05-11 04:15:21','2020-05-11 04:15:42',0,1,136),(6,30,21,1,'2020-05-11 04:16:16','2020-05-11 04:19:27',0,1,137),(6,20,19,3,'2020-05-11 04:21:33','2020-05-11 04:22:20',0,1,139);
/*!40000 ALTER TABLE `usercourse` ENABLE KEYS */;
UNLOCK TABLES;
/*!40103 SET TIME_ZONE=@OLD_TIME_ZONE */;

/*!40101 SET SQL_MODE=@OLD_SQL_MODE */;
/*!40014 SET FOREIGN_KEY_CHECKS=@OLD_FOREIGN_KEY_CHECKS */;
/*!40014 SET UNIQUE_CHECKS=@OLD_UNIQUE_CHECKS */;
/*!40101 SET CHARACTER_SET_CLIENT=@OLD_CHARACTER_SET_CLIENT */;
/*!40101 SET CHARACTER_SET_RESULTS=@OLD_CHARACTER_SET_RESULTS */;
/*!40101 SET COLLATION_CONNECTION=@OLD_COLLATION_CONNECTION */;
/*!40111 SET SQL_NOTES=@OLD_SQL_NOTES */;

-- Dump completed on 2020-05-21  7:28:03
